FoodCategory,FoodItem,per100grams,Cals_per100grams,KJ_per100grams
CannedFruit,Applesauce,100g,62,260
CannedFruit,Canned Apricots,100g,48,202
CannedFruit,Canned Blackberries,100g,92,386
CannedFruit,Canned Blueberries,100g,88,370
CannedFruit,Canned Cherries,100g,54,227
CannedFruit,Canned Cranberries,100g,178,748
CannedFruit,Canned Crushed Pineapple,100g,53,223
CannedFruit,Canned Figs,100g,107,449
CannedFruit,Canned Fruit Cocktail,100g,81,340
CannedFruit,Canned Fruit Salad,100g,50,210
CannedFruit,Canned Gooseberries,100g,73,307
CannedFruit,Canned Grapefruit,100g,37,155
CannedFruit,Canned Grapes,100g,76,319
CannedFruit,Canned Mandarin Oranges,100g,71,298
CannedFruit,Canned Mango,100g,65,273
CannedFruit,Canned Mangosteen,100g,73,307
CannedFruit,Canned Mixed Fruit,100g,71,298
CannedFruit,Canned Morello Cherries,100g,81,340
CannedFruit,Canned Oranges,100g,62,260
CannedFruit,Canned Peaches,100g,54,227
CannedFruit,Canned Pears,100g,35,147
CannedFruit,Canned Pineapple,100g,60,252
CannedFruit,Canned Plums,100g,58,244
CannedFruit,Canned Raspberries,100g,91,382
CannedFruit,Canned Sliced Pineapple,100g,53,223
CannedFruit,Canned Sour Cherries,100g,114,479
CannedFruit,Canned Strawberries,100g,92,386
CannedFruit,Canned Tangerines,100g,61,256
CannedFruit,Dried Fruit,100g,243,1021
Fruits,Acai,100g,70,294
Fruits,Apple,100g,52,218
Fruits,Applesauce,100g,68,286
Fruits,Apricot,100g,48,202
Fruits,Avocado,100g,160,672
Fruits,Banana,100g,89,374
Fruits,Blackberries,100g,43,181
Fruits,Blood Oranges,100g,50,210
Fruits,Blueberries,100g,57,239
Fruits,Cantaloupe,100g,34,143
Fruits,Cherries,100g,50,210
Fruits,Clementine,100g,47,197
Fruits,Cranberries,100g,46,193
Fruits,Currants,100g,56,235
Fruits,Custard Apple,100g,101,424
Fruits,Dates,100g,282,1184
Fruits,Figs,100g,74,311
Fruits,Fruit salad,100g,50,210
Fruits,Grapes,100g,69,290
Fruits,Greengage,100g,41,172
Fruits,Guava,100g,68,286
Fruits,Jackfruit,100g,95,399
Fruits,Jujube,100g,79,332
Fruits,Kiwi,100g,61,256
Fruits,Lemon,100g,29,122
Fruits,Lime,100g,30,126
Fruits,Lychees,100g,66,277
Fruits,Mandarin Oranges,100g,53,223
Fruits,Mango,100g,60,252
Fruits,Minneola,100g,64,269
Fruits,Mulberries,100g,43,181
Fruits,Nectarine,100g,44,185
Fruits,Olives,100g,115,483
Fruits,Orange,100g,47,197
Fruits,Papaya,100g,43,181
Fruits,Passion Fruit,100g,97,407
Fruits,Peach,100g,39,164
Fruits,Pear,100g,57,239
Fruits,Persimmon,100g,127,533
Fruits,Physalis,100g,49,206
Fruits,Pineapple,100g,50,210
Fruits,Plantains,100g,122,512
Fruits,Plum,100g,46,193
Fruits,Pomegranate,100g,83,349
Fruits,Quince,100g,57,239
Fruits,Raisins,100g,299,1256
Fruits,Rambutan,100g,82,344
Fruits,Raspberries,100g,52,218
Fruits,Rhubarb,100g,21,88
Fruits,Starfruit,100g,31,130
Fruits,Strawberries,100g,32,134
Fruits,Tamarind,100g,239,1004
Fruits,Tangerine,100g,53,223
Fruits,Watermelon,100g,30,126
Tropical&ExoticFruits,Acerola,100g,32,134
Tropical&ExoticFruits,Asian Pear,100g,42,176
Tropical&ExoticFruits,Avocado,100g,160,672
Tropical&ExoticFruits,Banana,100g,89,374
Tropical&ExoticFruits,Breadfruit,100g,103,433
Tropical&ExoticFruits,Cantaloupe Melon,100g,34,143
Tropical&ExoticFruits,Casaba Melon,100g,28,118
Tropical&ExoticFruits,Cherimoya,100g,75,315
Tropical&ExoticFruits,Dragon Fruit,100g,60,252
Tropical&ExoticFruits,Durian,100g,147,617
Tropical&ExoticFruits,Feijoa,100g,55,231
Tropical&ExoticFruits,Galia Melon,100g,23,97
Tropical&ExoticFruits,Grapefruit,100g,42,176
Tropical&ExoticFruits,Guava,100g,68,286
Tropical&ExoticFruits,Honeydew,100g,36,151
Tropical&ExoticFruits,Jackfruit,100g,95,399
Tropical&ExoticFruits,Kiwi,100g,61,256
Tropical&ExoticFruits,Kumquat,100g,71,298
Tropical&ExoticFruits,Lychee,100g,66,277
Tropical&ExoticFruits,Mandarin Oranges,100g,53,223
Tropical&ExoticFruits,Mango,100g,60,252
Tropical&ExoticFruits,Mangosteen,100g,73,307
Tropical&ExoticFruits,Maracuya,100g,97,407
Tropical&ExoticFruits,Maraschino Cherries,100g,165,693
Tropical&ExoticFruits,Muskmelon,100g,34,143
Tropical&ExoticFruits,Noni,100g,53,223
Tropical&ExoticFruits,Passion Fruit,100g,97,407
Tropical&ExoticFruits,Pineapple,100g,50,210
Tropical&ExoticFruits,Pink Grapefruit,100g,42,176
Tropical&ExoticFruits,Plantain,100g,122,512
Tropical&ExoticFruits,Pomegranate,100g,83,349
Tropical&ExoticFruits,Pomelo,100g,38,160
Tropical&ExoticFruits,Prickly Pear,100g,41,172
Tropical&ExoticFruits,Rambutan,100g,82,344
Tropical&ExoticFruits,Sapodilla,100g,83,349
Tropical&ExoticFruits,Soursop Fruit,100g,66,277
Tropical&ExoticFruits,Star Fruit,100g,31,130
Tropical&ExoticFruits,Tamarind,100g,239,1004
Tropical&ExoticFruits,Watermelon,100g,30,126
PotatoProducts,All-blue Potatoes,100g,61,256
PotatoProducts,Baked Potato,100g,93,391
PotatoProducts,Boiled Potatoes,100g,87,365
PotatoProducts,Cassava,100g,160,672
PotatoProducts,Croquettes,100g,127,533
PotatoProducts,Dumpling Dough,100g,124,521
PotatoProducts,Dumplings,100g,124,521
PotatoProducts,French Fingerling Potatoes,100g,82,344
PotatoProducts,French Fries,100g,312,1310
PotatoProducts,Fried Potatoes,100g,312,1310
PotatoProducts,Gnocchi,100g,133,559
PotatoProducts,Japanese Sweet Potatoes,100g,87,365
PotatoProducts,Marrow Dumplings,100g,424,1781
PotatoProducts,Mashed Potatoes,100g,89,374
PotatoProducts,Norland Red Potatoes,100g,89,374
PotatoProducts,Omelette,100g,154,647
PotatoProducts,Potato,100g,77,323
PotatoProducts,Potato Dumpling,100g,124,521
PotatoProducts,Potato Fritter,100g,185,777
PotatoProducts,Potato Gratin,100g,132,554
PotatoProducts,Potato Pancakes,100g,268,1126
PotatoProducts,Potato Salad,100g,143,601
PotatoProducts,Potato Starch,100g,331,1390
PotatoProducts,Potato Sticks,100g,522,2192
PotatoProducts,Potato Waffles,100g,167,701
PotatoProducts,Potato Wedges,100g,123,517
PotatoProducts,Potatoes au Gratin,100g,132,554
PotatoProducts,Purple Majesty Potatoes,100g,72,302
PotatoProducts,Red Gold Potatoes,100g,89,374
PotatoProducts,Red Potatoes,100g,89,374
PotatoProducts,Roast Potatoes,100g,149,626
PotatoProducts,Rosemary Potatoes,100g,93,391
PotatoProducts,Rösti,100g,138,580
PotatoProducts,Russet Potatoes,100g,97,407
PotatoProducts,Russian Banana Potatoes,100g,67,281
PotatoProducts,Sweet Potato,100g,92,386
PotatoProducts,White Potatoes,100g,94,395
PotatoProducts,Yams,100g,116,487
PotatoProducts,Yukon Gold Potatoes,100g,82,344
Vegetables,Artichoke,100g,47,197
Vegetables,Arugula,100g,25,105
Vegetables,Asparagus,100g,20,84
Vegetables,Aubergine,100g,25,105
Vegetables,Beetroot,100g,43,181
Vegetables,Bell Pepper,100g,20,84
Vegetables,Black Olives,100g,115,483
Vegetables,Broccoli,100g,34,143
Vegetables,Brussels Sprouts,100g,43,181
Vegetables,Cabbage,100g,25,105
Vegetables,Capsicum,100g,27,113
Vegetables,Carrot,100g,41,172
Vegetables,Cauliflower,100g,25,105
Vegetables,Celery,100g,16,67
Vegetables,Chard,100g,19,80
Vegetables,Cherry Tomato,100g,100,420
Vegetables,Chicory,100g,72,302
Vegetables,Chinese Cabbage,100g,16,67
Vegetables,Chives,100g,30,126
Vegetables,Collard Greens,100g,32,134
Vegetables,Corn,100g,365,1533
Vegetables,Courgette,100g,17,71
Vegetables,Creamed Spinach,100g,74,311
Vegetables,Cucumber,100g,16,67
Vegetables,Eggplant,100g,25,105
Vegetables,Endive,100g,17,71
Vegetables,Fennel,100g,31,130
Vegetables,Garlic,100g,149,626
Vegetables,Gherkin,100g,14,59
Vegetables,Gourd,100g,14,59
Vegetables,Green Beans,100g,31,130
Vegetables,Green Olives,100g,115,483
Vegetables,Green Onion,100g,32,134
Vegetables,Horseradish,100g,48,202
Vegetables,Kale,100g,49,206
Vegetables,Kohlrabi,100g,27,113
Vegetables,Kumara,100g,86,361
Vegetables,Leek,100g,61,256
Vegetables,Lettuce,100g,15,63
Vegetables,Mushrooms,100g,22,92
Vegetables,Mustard Greens,100g,27,113
Vegetables,Nori,100g,35,147
Vegetables,Okra,100g,33,139
Vegetables,Olives,100g,115,483
Vegetables,Onion,100g,40,168
Vegetables,Parsnips,100g,75,315
Vegetables,Peas,100g,81,340
Vegetables,Pepper,100g,27,113
Vegetables,Potato,100g,77,323
Vegetables,Pumpkin,100g,26,109
Vegetables,Radishes,100g,16,67
Vegetables,Red Cabbage,100g,31,130
Vegetables,Rutabaga,100g,38,160
Vegetables,Shallots,100g,72,302
Vegetables,Spinach,100g,23,97
Vegetables,Squash,100g,45,189
Vegetables,Sweet Potato,100g,86,361
Vegetables,Tomato,100g,18,76
Vegetables,Turnip Greens,100g,20,84
Vegetables,Turnips,100g,28,118
Vegetables,Wasabi,100g,109,458
Vegetables,Winter Squash,100g,34,143
Vegetables,Zucchini,100g,17,71
FastFood,Arby’s Grand Turkey Club,100g,210,882
FastFood,Arby’s Reuben,100g,208,874
FastFood,Arby’s Roast Beef Classic,100g,234,983
FastFood,Arby’s Roast Beef Max,100g,234,983
FastFood,BBQ Rib,100g,212,890
FastFood,Bean Burrito,100g,200,840
FastFood,Big N’ Tasty,100g,223,937
FastFood,Bratwurst,100g,333,1399
FastFood,Burger King Angry Whopper,100g,255,1071
FastFood,Burger King Double Whopper,100g,239,1004
FastFood,Burger King Double Whopper with Cheese,100g,249,1046
FastFood,Burger King Original Chicken Sandwich,100g,301,1264
FastFood,Burger King Premium Alaskan Fish Sandwich,100g,259,1088
FastFood,Burger King Triple Whopper,100g,269,1130
FastFood,Burger King Whopper,100g,231,970
FastFood,Burger King Whopper Jr.,100g,234,983
FastFood,Burger King Whopper with Cheese,100g,241,1012
FastFood,Cheeseburger,100g,263,1105
FastFood,Chicken Breast,100g,163,685
FastFood,Chicken Fajita,100g,147,617
FastFood,Chicken McNuggets,100g,302,1268
FastFood,Chicken Nuggets,100g,296,1243
FastFood,Chicken Pizziola,100g,141,592
FastFood,Chicken Sandwich,100g,241,1012
FastFood,Chicken Teriyaki Sandwich,100g,138,580
FastFood,Chicken Wings,100g,324,1361
FastFood,Chop Suey,100g,172,722
FastFood,Curly Fries,100g,311,1306
FastFood,Double Cheeseburger,100g,267,1121
FastFood,Egg Roll,100g,250,1050
FastFood,Falafel,100g,335,1407
FastFood,Filet-o-Fish,100g,282,1184
FastFood,Fish and Chips,100g,195,819
FastFood,Fish Sandwich,100g,273,1147
FastFood,French Fries,100g,312,1310
FastFood,Grilled Chicken Salad,100g,88,370
FastFood,Ham Sandwich,100g,241,1012
FastFood,Hamburger,100g,254,1067
FastFood,Hot Dog,100g,269,1130
FastFood,Italian BMT,100g,183,769
FastFood,Lasagna,100g,132,554
FastFood,McDonald’s Big Mac,100g,256,1075
FastFood,McDonald’s Cheeseburger,100g,263,1105
FastFood,McDonald’s Chicken Nuggets,100g,297,1247
FastFood,McDonald’s Double Cheeseburger,100g,282,1184
FastFood,McDonald’s Filet-o-Fish,100g,275,1155
FastFood,McDonald’s McChicken,100g,251,1054
FastFood,McDonald’s McDouble,100g,252,1058
FastFood,McDonald’s McMuffi Egg,100g,225,945
FastFood,McDonald’s McRib,100g,265,1113
FastFood,McDonald’s Mighty Wings,100g,308,1294
FastFood,McRib,100g,265,1113
FastFood,Meatball Sandwich,100g,161,676
FastFood,Nachos with Cheese,100g,306,1285
FastFood,Onion Rings,100g,411,1726
FastFood,Smoked Salmon,100g,158,664
FastFood,Spicy Italian,100g,219,920
FastFood,Subway Club Sandwich,100g,131,550
FastFood,Tortilla Wrap,100g,271,1138
FastFood,Tuna,100g,86,361
FastFood,Turkey,100g,104,437
FastFood,Veggie Burger,100g,181,760
FastFood,Veggie Delight,100g,138,580
FastFood,Veggie Patty,100g,390,1638
FastFood,Wendy’s Baconator,100g,304,1277
FastFood,Wendy’s Jr. Bacon Cheeseburger,100g,261,1096
FastFood,Wendy’s Jr. Cheeseburger,100g,225,945
FastFood,Wendy’s Son of Baconator,100g,321,1348
FastFood,Whopper,100g,231,970
FastFood,Zinger,100g,256,1075
FastFood,Zinger Burger,100g,256,1075
FastFood,Poutine,100g,227,953
Pizza,BBQ Chicken Pizza,100g,234,983
Pizza,BBQ Pizza,100g,224,941
Pizza,Beef Pizza,100g,304,1277
Pizza,Bianca Pizza,100g,246,1033
Pizza,Buffalo Chicken Pizza,100g,252,1058
Pizza,Calabrese Pizza,100g,235,987
Pizza,Calzone,100g,231,970
Pizza,Capricciosa Pizza,100g,260,1092
Pizza,Cheese Pizza,100g,267,1121
Pizza,Chicken Pizza,100g,234,983
Pizza,Deep Dish Pizza,100g,265,1113
Pizza,Dominos Philly Cheese Steak Pizza,100g,224,941
Pizza,Four Cheese Pizza,100g,221,928
Pizza,Goat Cheese Pizza,100g,219,920
Pizza,Grilled Pizza,100g,226,949
Pizza,Hawaiian Pizza,100g,115,483
Pizza,Margherita Pizza,100g,275,1155
Pizza,Mozzarella Pizza,100g,249,1046
Pizza,Mushroom Pizza,100g,212,890
Pizza,Napoli Pizza,100g,202,848
Pizza,New York Style Pizza,100g,169,710
Pizza,Pepperoni Pizza,100g,255,1071
Pizza,Pizza Dough,100g,228,958
Pizza,Pizza Hut Stuffed Crust Pizza,100g,255,1071
Pizza,Pizza Hut Supreme Pizza,100g,248,1042
Pizza,Pizza Rolls,100g,247,1037
Pizza,Quattro Formaggi Pizza,100g,248,1042
Pizza,Red Pepper Pizza,100g,192,806
Pizza,Salami Pizza,100g,255,1071
Pizza,Sausage Pizza,100g,246,1033
Pizza,Seafood Pizza,100g,245,1029
Pizza,Shrimp Pizza,100g,209,878
Pizza,Sicilian Pizza,100g,241,1012
Pizza,Spinach Feta Pizza,100g,242,1016
Pizza,Spinach Pizza,100g,234,983
Pizza,Stuffed Crust Pizza,100g,255,1071
Pizza,Tarte Flambée,100g,253,1063
Pizza,Thin Crust Pizza,100g,261,1096
Pizza,Tuna Pizza,100g,254,1067
Pizza,Vegetable Pizza,100g,256,1075
Pizza,Vegetarian Pizza,100g,256,1075
Pizza,Veggie Pizza,100g,231,970
Pizza,White Pizza,100g,246,1033
Cheese,American Cheese,100g,148,622
Cheese,Applewood,100g,410,1722
Cheese,Asiago Cheese,100g,392,1646
Cheese,Babybel,100g,333,1399
Cheese,Blue Cheese,100g,353,1483
Cheese,Brie,100g,334,1403
Cheese,Camembert,100g,300,1260
Cheese,Cheddar,100g,403,1693
Cheese,Cheese Fondue,100g,228,958
Cheese,Cheese Spread,100g,290,1218
Cheese,Cheese Whiz,100g,276,1159
Cheese,Chester,100g,387,1625
Cheese,Colby Cheese,100g,394,1655
Cheese,Colby-Jack Cheese,100g,394,1655
Cheese,Cottage Cheese,100g,98,412
Cheese,Dutch Cheese,100g,393,1651
Cheese,Edam Cheese,100g,357,1499
Cheese,Emmentaler,100g,357,1499
Cheese,Feta,100g,264,1109
Cheese,Fontina,100g,389,1634
Cheese,Fresh Mozzarella,100g,280,1176
Cheese,Gjetost,100g,466,1957
Cheese,Goat Cheese,100g,364,1529
Cheese,Gorgonzola,100g,350,1470
Cheese,Gouda,100g,356,1495
Cheese,Grated Parmesan,100g,431,1810
Cheese,Grilled Cheese,100g,350,1470
Cheese,Gruyere,100g,413,1735
Cheese,Halloumi,100g,321,1348
Cheese,Havarti,100g,371,1558
Cheese,Italian Cheese,100g,397,1667
Cheese,Jarlsberg,100g,352,1478
Cheese,Maasdam Cheese,100g,344,1445
Cheese,Manchego Cheese,100g,320,1344
Cheese,Monterey,100g,373,1567
Cheese,Monterey Jack Cheese,100g,373,1567
Cheese,Mozzarella,100g,280,1176
Cheese,Muenster Cheese,100g,368,1546
Cheese,Neufchatel,100g,253,1063
Cheese,Parmesan,100g,431,1810
Cheese,Pecorino,100g,387,1625
Cheese,Provolone,100g,351,1474
Cheese,Raclette Cheese,100g,357,1499
Cheese,Ricotta,100g,174,731
Cheese,Romano,100g,387,1625
Cheese,Roquefort,100g,369,1550
Cheese,Sheep Cheese,100g,364,1529
Cheese,Soft Cheese,100g,268,1126
Cheese,Stilton Cheese,100g,393,1651
Cheese,String Cheese,100g,250,1050
Cheese,Swiss Cheese,100g,380,1596
Cheese,White Cheddar,100g,403,1693
Cheese,Wisconsin Cheese,100g,389,1634
CreamCheese,Chive Cream Cheese,100g,342,1436
CreamCheese,Cottage Cheese,100g,98,412
CreamCheese,Cream Cheese,100g,342,1436
CreamCheese,Cream Cheese with Herbs,100g,342,1436
CreamCheese,Feta Cream Cheese,100g,342,1436
CreamCheese,Garlic Cream Cheese,100g,342,1436
CreamCheese,Goat Cheese,100g,364,1529
CreamCheese,Horseradish,100g,48,202
CreamCheese,Mascarpone,100g,450,1890
CreamCheese,Obatzda,100g,303,1273
CreamCheese,Olive Cream Cheese,100g,342,1436
CreamCheese,Pesto Cream Cheese,100g,342,1436
CreamCheese,Philadelphia Cream Cheese,100g,342,1436
CreamCheese,Pineapple Cream Cheese,100g,342,1436
CreamCheese,Salmon Cream Cheese,100g,342,1436
CreamCheese,Vegetable Cream Cheese,100g,342,1436
CreamCheese,Walnut Cream Cheese,100g,342,1436
Milk&DairyProducts,Almond Milk,100ml,17,71
Milk&DairyProducts,Buttermilk,100ml,62,260
Milk&DairyProducts,Chocolate Mousse,100g,225,945
Milk&DairyProducts,Coconut Milk,100ml,230,966
Milk&DairyProducts,Coffee Creamer,100g,195,819
Milk&DairyProducts,Condensed Milk,100g,321,1348
Milk&DairyProducts,Cottage Cheese,100g,98,412
Milk&DairyProducts,Cream,100g,242,1016
Milk&DairyProducts,Creme Fraiche,100g,393,1651
Milk&DairyProducts,Curd,100g,98,412
Milk&DairyProducts,Custard,100g,122,512
Milk&DairyProducts,Evaporated Milk,100g,135,567
Milk&DairyProducts,Goat Milk,100g,69,290
Milk&DairyProducts,Hot Chocolate,100ml,89,374
Milk&DairyProducts,Kefir,100ml,55,231
Milk&DairyProducts,Lactose-free Milk,100ml,52,218
Milk&DairyProducts,Lassi,100ml,75,315
Milk&DairyProducts,Milk,100ml,61,256
Milk&DairyProducts,Plain Yogurt,100g,61,256
Milk&DairyProducts,Powdered Milk,100g,496,2083
Milk&DairyProducts,Quark,100g,145,609
Milk&DairyProducts,Rice Milk,100ml,49,206
Milk&DairyProducts,Rice Pudding,100g,118,496
Milk&DairyProducts,Semi-skimmed Milk,100ml,50,210
Milk&DairyProducts,Semolina Pudding,100g,67,281
Milk&DairyProducts,Skim Milk,100ml,35,147
Milk&DairyProducts,Sour Cream,100g,181,760
Milk&DairyProducts,Soy Milk,100ml,45,189
Milk&DairyProducts,Sweetened Condensed Milk,100ml,321,1348
Milk&DairyProducts,Tzatziki,100g,117,491
Milk&DairyProducts,Whipped Cream,100g,257,1079
Milk&DairyProducts,Whole Milk,100ml,61,256
Milk&DairyProducts,Yogurt,100g,61,256
SlicedCheese,American Cheese,100g,148,622
SlicedCheese,Applewood,100g,410,1722
SlicedCheese,Bergkäse,100g,418,1756
SlicedCheese,Butter Cheese,100g,388,1630
SlicedCheese,Cheddar,100g,403,1693
SlicedCheese,Cheese Platter,100g,357,1499
SlicedCheese,Cheese Slices,100g,356,1495
SlicedCheese,Colby Cheese,100g,394,1655
SlicedCheese,Colby-Jack Cheese,100g,394,1655
SlicedCheese,Cold Pack Cheese,100g,246,1033
SlicedCheese,Edam,100g,357,1499
SlicedCheese,Edam Cheese,100g,357,1499
SlicedCheese,Emmental,100g,357,1499
SlicedCheese,Emmentaler,100g,357,1499
SlicedCheese,Esrom (Cheese),100g,322,1352
SlicedCheese,Fol Epi,100g,388,1630
SlicedCheese,Fresh Mozzarella,100g,280,1176
SlicedCheese,Gouda,100g,356,1495
SlicedCheese,Gouda Cheese,100g,356,1495
SlicedCheese,Havarti,100g,371,1558
SlicedCheese,Lacy Swiss Cheese,100g,321,1348
SlicedCheese,Leerdammer,100g,284,1193
SlicedCheese,Leerdammer Cheese,100g,284,1193
SlicedCheese,Maasdam Cheese,100g,344,1445
SlicedCheese,Monterey Jack Cheese,100g,373,1567
SlicedCheese,Mozzarella,100g,280,1176
SlicedCheese,Muenster Cheese,100g,368,1546
SlicedCheese,Pepper Cheese,100g,100,420
SlicedCheese,Sandwich Cheese,100g,148,622
SlicedCheese,Smoked Cheese,100g,410,1722
SlicedCheese,Tilsit,100g,340,1428
SlicedCheese,White American,100g,148,622
SlicedCheese,White Cheddar,100g,403,1693
SlicedCheese,Young Gouda,100g,356,1495
Yogurt,Activia,100g,74,311
Yogurt,Activia Lemon,100g,100,420
Yogurt,Activia Strawberry,100g,97,407
Yogurt,Aloe Vera Yogurt,100g,85,357
Yogurt,Ayran,100ml,42,176
Yogurt,Bircher Muesli Yogurt,100g,109,458
Yogurt,Blueberry Yogurt,100g,105,441
Yogurt,Cherry Yogurt,100g,97,407
Yogurt,Chocolate Yogurt,100g,128,538
Yogurt,Cream Yogurt,100g,124,521
Yogurt,Creamy Yogurt,100g,90,378
Yogurt,Diet Yogurt,100g,54,227
Yogurt,Fruit Yogurt,100g,97,407
Yogurt,Greek Yogurt,100g,53,223
Yogurt,Low-Fat Yogurt,100g,63,265
Yogurt,Mocca Yogurt,100g,100,420
Yogurt,Organic Yogurt,100g,75,315
Yogurt,Peach Yogurt,100g,97,407
Yogurt,Plain Yogurt,100g,61,256
Yogurt,Probiotic Yogurt,100g,80,336
Yogurt,Skim Milk Yogurt,100g,56,235
Yogurt,Stracciatella Yogurt,100g,139,584
Yogurt,Strawberry Yogurt,100g,100,420
Yogurt,Vanilla Yogurt,100g,101,424
Yogurt,Yogurt,100g,61,256
Yogurt,Yogurt Corner,100g,119,500
Yogurt,Yoplait Boston Cream Pie,100g,90,378
Yogurt,Yoplait French Vanilla,100g,100,420
Yogurt,Yoplait Greek Blueberry,100g,100,420
Yogurt,Yoplait Greek Coconut,100g,100,420
Yogurt,Yoplait Greek Strawberry,100g,100,420
Yogurt,Yoplait Greek Vanilla,100g,100,420
Yogurt,Yoplait Harvest Peach,100g,100,420
Yogurt,Yoplait Key Lime Pie,100g,100,420
Yogurt,Yoplait Mango,100g,100,420
Yogurt,Yoplait Mixed Berry,100g,100,420
Yogurt,Yoplait Pina Colada,100g,100,420
Yogurt,Yoplait Strawberry,100g,100,420
Yogurt,Yoplait Strawberry Banana,100g,100,420
Yogurt,Yoplait Strawberry Cheesecake,100g,100,420
Beef&Veal,Beef,100g,171,718
Beef&Veal,Beef Brisket,100g,137,575
Beef&Veal,Beef Fillet,100g,189,794
Beef&Veal,Beef Goulash,100g,123,517
Beef&Veal,Beef Minute Steak,100g,133,559
Beef&Veal,Beef Neck,100g,213,895
Beef&Veal,Beef Pancreas,100g,271,1138
Beef&Veal,Beef Patty,100g,247,1037
Beef&Veal,Beef Prime Rib,100g,404,1697
Beef&Veal,Beef Ribs,100g,196,823
Beef&Veal,Beef Sirloin,100g,182,764
Beef&Veal,Beef Suet,100g,854,3587
Beef&Veal,Beef Tallow,100g,902,3788
Beef&Veal,Beef Thymus,100g,319,1340
Beef&Veal,Beef Tripe,100g,94,395
Beef&Veal,Chuck Roast,100g,141,592
Beef&Veal,Chuck Steak,100g,137,575
Beef&Veal,Filet Mignon,100g,207,869
Beef&Veal,Flank Steak,100g,194,815
Beef&Veal,Ground Beef,100g,241,1012
Beef&Veal,Ground Chuck,100g,250,1050
Beef&Veal,Ground Round,100g,212,890
Beef&Veal,Minced Veal,100g,143,601
Beef&Veal,Porterhouse Steak,100g,247,1037
Beef&Veal,Rib Eye Steak,100g,217,911
Beef&Veal,Roast Beef,100g,187,785
Beef&Veal,Rump Steak,100g,171,718
Beef&Veal,Skirt Steak,100g,205,861
Beef&Veal,Stew Beef,100g,191,802
Beef&Veal,Strip Steak,100g,117,491
Beef&Veal,T-Bone-Steak,100g,221,928
Beef&Veal,Veal,100g,282,1184
Beef&Veal,Veal Breast,100g,282,1184
Beef&Veal,Veal Leg,100g,211,886
Beef&Veal,Veal Roast Beef,100g,175,735
Beef&Veal,Veal Shank,100g,177,743
Beef&Veal,Veal Shoulder,100g,183,769
Beef&Veal,Veal Sirloin,100g,204,857
Beef&Veal,Veal Tenderloin,100g,217,911
ColdCuts&LunchMeat,Baked Ham,100g,343,1441
ColdCuts&LunchMeat,Beef Salami,100g,375,1575
ColdCuts&LunchMeat,Boiled Ham,100g,126,529
ColdCuts&LunchMeat,Bologna,100g,247,1037
ColdCuts&LunchMeat,Bresaola,100g,178,748
ColdCuts&LunchMeat,Capicola,100g,110,462
ColdCuts&LunchMeat,Chicken Breast Fillet,100g,79,332
ColdCuts&LunchMeat,Chopped Ham,100g,180,756
ColdCuts&LunchMeat,Chorizo,100g,455,1911
ColdCuts&LunchMeat,Corned Beef,100g,251,1054
ColdCuts&LunchMeat,Dutch Loaf,100g,268,1126
ColdCuts&LunchMeat,Ham,100g,145,609
ColdCuts&LunchMeat,Ham Sausage,100g,164,689
ColdCuts&LunchMeat,Head Cheese,100g,157,659
ColdCuts&LunchMeat,Hickory Ham,100g,188,790
ColdCuts&LunchMeat,Honey Ham,100g,122,512
ColdCuts&LunchMeat,Liverwurst,100g,326,1369
ColdCuts&LunchMeat,Olive Loaf,100g,232,974
ColdCuts&LunchMeat,Oven-Roasted Turkey Breast,100g,104,437
ColdCuts&LunchMeat,Parma Ham,100g,345,1449
ColdCuts&LunchMeat,Pastrami,100g,133,559
ColdCuts&LunchMeat,Pepperoni,100g,494,2075
ColdCuts&LunchMeat,Pimento Loaf,100g,265,1113
ColdCuts&LunchMeat,Pork Roast,100g,247,1037
ColdCuts&LunchMeat,Prosciutto,100g,195,819
ColdCuts&LunchMeat,Roast Beef,100g,267,1121
ColdCuts&LunchMeat,Salami,100g,336,1411
ColdCuts&LunchMeat,Serrano Ham,100g,300,1260
ColdCuts&LunchMeat,Smoked Ham,100g,107,449
ColdCuts&LunchMeat,Smoked Turkey Breast,100g,104,437
ColdCuts&LunchMeat,Summer Sausage,100g,298,1252
ColdCuts&LunchMeat,Tongue,100g,284,1193
ColdCuts&LunchMeat,Turkey Breast,100g,104,437
ColdCuts&LunchMeat,Turkey Ham,100g,126,529
ColdCuts&LunchMeat,Turkey Salami,100g,152,638
Meat,Alligator,100g,232,974
Meat,Beef,100g,248,1042
Meat,Beef Brisket,100g,242,1016
Meat,Beef Jerky,100g,410,1722
Meat,Beef Ribs,100g,238,1000
Meat,Beef Tenderloin,100g,218,916
Meat,Chicken,100g,219,920
Meat,Chicken Breast,100g,172,722
Meat,Chicken Drumstick,100g,185,777
Meat,Chicken Fat,100g,898,3772
Meat,Chicken Giblets,100g,158,664
Meat,Chicken Gizzards,100g,146,613
Meat,Chicken Leg,100g,174,731
Meat,Chicken Liver,100g,167,701
Meat,Chicken Meat,100g,172,722
Meat,Chicken Thigh,100g,229,962
Meat,Chicken Wing,100g,266,1117
Meat,Chuck Steak,100g,277,1163
Meat,Cubed Steak,100g,199,836
Meat,Duck,100g,337,1415
Meat,Filet Mignon,100g,267,1121
Meat,Flank Steak,100g,194,815
Meat,Flat Iron Steak,100g,137,575
Meat,Ground Beef,100g,246,1033
Meat,Ground Round,100g,246,1033
Meat,Ham,100g,163,685
Meat,New York Strip Steak,100g,199,836
Meat,Ostrich,100g,145,609
Meat,Pork,100g,196,823
Meat,Pork Baby Back Ribs,100g,212,890
Meat,Pork Chops,100g,196,823
Meat,Pork Country-Style Ribs,100g,247,1037
Meat,Pork Loin,100g,204,857
Meat,Pork Roast,100g,254,1067
Meat,Pork Steaks,100g,196,823
Meat,Roast Beef,100g,140,588
Meat,Round Steak,100g,182,764
Meat,Schnitzel,100g,156,655
Meat,Spare Ribs,100g,238,1000
Meat,Standing Rib Roast,100g,333,1399
Meat,T-Bone Steak,100g,202,848
Meat,Turkey,100g,189,794
Meat,Turkey Breast,100g,135,567
Meat,Turkey Legs,100g,208,874
Meat,Turkey Steak,100g,189,794
Meat,Turkey Wings,100g,221,928
Offal&Giblets,Beef Brain,100g,196,823
Offal&Giblets,Beef Heart,100g,165,693
Offal&Giblets,Beef Kidney,100g,158,664
Offal&Giblets,Beef Liver,100g,191,802
Offal&Giblets,Beef Lung,100g,120,504
Offal&Giblets,Beef Melt,100g,271,1138
Offal&Giblets,Beef Tongue,100g,284,1193
Offal&Giblets,Calf Brain,100g,136,571
Offal&Giblets,Calf Liver,100g,192,806
Offal&Giblets,Calf Lung,100g,104,437
Offal&Giblets,Calf Melt,100g,256,1075
Offal&Giblets,Chicken Giblets,100g,277,1163
Offal&Giblets,Chicken Heart,100g,185,777
Offal&Giblets,Chicken Liver,100g,172,722
Offal&Giblets,Chicken Stomach,100g,148,622
Offal&Giblets,Chitterlings,100g,233,979
Offal&Giblets,Duck Liver,100g,136,571
Offal&Giblets,Goose Liver,100g,133,559
Offal&Giblets,Hog Maws,100g,157,659
Offal&Giblets,Pig Brain,100g,138,580
Offal&Giblets,Pig Heart,100g,148,622
Offal&Giblets,Pig Kidney,100g,151,634
Offal&Giblets,Pig Lung,100g,99,416
Offal&Giblets,Pork Liver,100g,165,693
Offal&Giblets,Pork Melt,100g,219,920
Offal&Giblets,Pork Tongue,100g,271,1138
Offal&Giblets,Turkey Giblets,100g,173,727
Offal&Giblets,Turkey Heart,100g,174,731
Offal&Giblets,Turkey Liver,100g,189,794
Offal&Giblets,Turkey Stomach,100g,148,622
Offal&Giblets,Veal Heart,100g,186,781
Offal&Giblets,Veal Kidney,100g,163,685
Offal&Giblets,Veal Tongue,100g,202,848
Pork,Bacon,100g,407,1709
Pork,Brawn,100g,309,1298
Pork,Canadian-Style Bacon,100g,107,449
Pork,Chitterlings,100g,233,979
Pork,Ground Pork,100g,263,1105
Pork,Hog Maws,100g,250,1050
Pork,Lard,100g,898,3772
Pork,Meatloaf,100g,89,374
Pork,Parma Ham,100g,261,1096
Pork,Pig Ear,100g,166,697
Pork,Pig Fat,100g,638,2680
Pork,Pig’s Tail,100g,396,1663
Pork,Pig’s Trotter,100g,243,1021
Pork,Pork Bacon,100g,407,1709
Pork,Pork Belly,100g,518,2176
Pork,Pork Blade Steak,100g,232,974
Pork,Pork Chop,100g,123,517
Pork,Pork Country-Style Ribs,100g,133,559
Pork,Pork Crown Roast,100g,212,890
Pork,Pork Cutlet,100g,131,550
Pork,Pork Cutlets,100g,131,550
Pork,Pork Leg,100g,201,844
Pork,Pork Loin,100g,143,601
Pork,Pork Meatloaf,100g,243,1021
Pork,Pork Ragout,100g,73,307
Pork,Pork Rib Roast,100g,159,668
Pork,Pork Ribs,100g,292,1226
Pork,Pork Roast,100g,194,815
Pork,Pork Sausage,100g,339,1424
Pork,Pork Shank,100g,172,722
Pork,Pork Shoulder,100g,269,1130
Pork,Pork Shoulder Blade,100g,232,974
Pork,Pork Stomach,100g,250,1050
Pork,Rack of Pork,100g,241,1012
Pork,Salt Meat,100g,286,1201
Pork,Salt Pork,100g,286,1201
Pork,Serrano Ham,100g,339,1424
Pork,Spare Ribs,100g,396,1663
Pork,Spareribs,100g,238,1000
Poultry&Fowl,Capon,100g,229,962
Poultry&Fowl,Chicken,100g,219,920
Poultry&Fowl,Chicken Breast,100g,172,722
Poultry&Fowl,Chicken Drumsticks,100g,185,777
Poultry&Fowl,Chicken Gizzards,100g,154,647
Poultry&Fowl,Chicken Legs,100g,174,731
Poultry&Fowl,Chicken Thighs,100g,229,962
Poultry&Fowl,Chicken Wings,100g,266,1117
Poultry&Fowl,Cornish Hens,100g,259,1088
Poultry&Fowl,Dove,100g,213,895
Poultry&Fowl,Duck,100g,337,1415
Poultry&Fowl,Duck Breast,100g,201,844
Poultry&Fowl,Emu,100g,152,638
Poultry&Fowl,Goose,100g,305,1281
Poultry&Fowl,Guinea-Fowl,100g,158,664
Poultry&Fowl,Ostrich,100g,145,609
Poultry&Fowl,Ostrich Meat,100g,145,609
Poultry&Fowl,Pheasant,100g,239,1004
Poultry&Fowl,Pheasant Breast,100g,133,559
Poultry&Fowl,Pheasant Leg,100g,239,1004
Poultry&Fowl,Pigeon,100g,142,596
Poultry&Fowl,Poularde,100g,200,840
Poultry&Fowl,Quail,100g,227,953
Poultry&Fowl,Quail Breast,100g,123,517
Poultry&Fowl,Rhea,100g,160,672
Poultry&Fowl,Turkey,100g,189,794
Poultry&Fowl,Turkey Breast,100g,135,567
Poultry&Fowl,Turkey Cutlet,100g,189,794
Poultry&Fowl,Turkey Drumsticks,100g,208,874
Poultry&Fowl,Turkey Legs,100g,208,874
Poultry&Fowl,Turkey Steak,100g,189,794
Poultry&Fowl,Turkey Wings,100g,221,928
Poultry&Fowl,Wild Duck,100g,211,886
Sausage,Andouille,100g,232,974
Sausage,Bacon,100g,407,1709
Sausage,Black Pudding,100g,379,1592
Sausage,Blood Sausage,100g,379,1592
Sausage,Bockwurst,100g,301,1264
Sausage,Boiled Ham,100g,104,437
Sausage,Bologna,100g,247,1037
Sausage,Boudin,100g,194,815
Sausage,Bratwurst,100g,297,1247
Sausage,Brawn,100g,157,659
Sausage,Breakfast Sausage Links,100g,339,1424
Sausage,Cheese Pastry,100g,374,1571
Sausage,Chicken Breast,100g,79,332
Sausage,Chicken Meat,100g,79,332
Sausage,Chicken Salad,100g,81,340
Sausage,Chorizo,100g,455,1911
Sausage,Cooked Ham,100g,133,559
Sausage,Corned Beef,100g,153,643
Sausage,Cumberland Sausage,100g,250,1050
Sausage,Frankfurters,100g,305,1281
Sausage,Garlic Sausage,100g,169,710
Sausage,Hot Dogs,100g,278,1168
Sausage,Hot Sausage,100g,259,1088
Sausage,Italian Sausage,100g,149,626
Sausage,Jerky,100g,410,1722
Sausage,Kielbasa,100g,309,1298
Sausage,Knackwurst,100g,307,1289
Sausage,Landjaeger,100g,352,1478
Sausage,Linguica,100g,282,1184
Sausage,Liver Pate,100g,319,1340
Sausage,Liverwurst,100g,326,1369
Sausage,Luncheon Meat,100g,117,491
Sausage,Mettwurst,100g,310,1302
Sausage,Mortadella,100g,311,1306
Sausage,Pastrami,100g,133,559
Sausage,Pepperoni,100g,494,2075
Sausage,Polish Sausage,100g,301,1264
Sausage,Pork,100g,247,1037
Sausage,Pork Roll,100g,302,1268
Sausage,Prosciutto,100g,195,819
Sausage,Ring Bologna,100g,286,1201
Sausage,Salami,100g,336,1411
Sausage,Sausage,100g,230,966
Sausage,Smoked Sausage,100g,301,1264
Sausage,Souse,100g,157,659
Sausage,Spam,100g,315,1323
Sausage,Weisswurst,100g,313,1315
Venison&Game,Alligator,100g,104,437
Venison&Game,Alligator Meat,100g,232,974
Venison&Game,Antelope Meat,100g,150,630
Venison&Game,Bear Meat,100g,259,1088
Venison&Game,Beaver Meat,100g,212,890
Venison&Game,Bison,100g,171,718
Venison&Game,Bison Meat,100g,171,718
Venison&Game,Bison Sirloin,100g,171,718
Venison&Game,Buffalo,100g,131,550
Venison&Game,Buffalo Meat,100g,131,550
Venison&Game,Caribou,100g,159,668
Venison&Game,Goose,100g,238,1000
Venison&Game,Goose Meat,100g,238,1000
Venison&Game,Lamb,100g,202,848
Venison&Game,Lamb Meat,100g,202,848
Venison&Game,Mallard Duck Meat,100g,211,886
Venison&Game,Mallard Meat,100g,211,886
Venison&Game,Moose,100g,134,563
Venison&Game,Moose Meat,100g,134,563
Venison&Game,Mutton,100g,234,983
Venison&Game,Mutton Meat,100g,234,983
Venison&Game,Ostrich,100g,175,735
Venison&Game,Ostrich Meat,100g,175,735
Venison&Game,Pheasant,100g,239,1004
Venison&Game,Pheasant Meat,100g,239,1004
Venison&Game,Rabbit,100g,197,827
Venison&Game,Racoon,100g,255,1071
Venison&Game,Racoon Meat,100g,255,1071
Venison&Game,Reindeer,100g,200,840
Venison&Game,Reindeer Meat,100g,200,840
Venison&Game,Squirrel,100g,173,727
Venison&Game,Squirrel Meat,100g,173,727
Venison&Game,Venison,100g,164,689
Venison&Game,Venison Sirloin,100g,158,664
Venison&Game,Wild Boar,100g,160,672
Venison&Game,Wild Boar Meat,100g,160,672
Cakes&Pies,Angel Food Cake,100g,258,1084
Cakes&Pies,Apple Cake,100g,252,1058
Cakes&Pies,Apple Cobbler,100g,198,832
Cakes&Pies,Apple Crisp,100g,156,655
Cakes&Pies,Apple Crumble,100g,156,655
Cakes&Pies,Apple Pie,100g,237,995
Cakes&Pies,Apple Strudel,100g,274,1151
Cakes&Pies,Apple Turnover,100g,348,1462
Cakes&Pies,Applesauce Cake,100g,358,1504
Cakes&Pies,Baked Alaska,100g,247,1037
Cakes&Pies,Bakewell Tart,100g,430,1806
Cakes&Pies,Banoffee Pie,100g,395,1659
Cakes&Pies,Birthday Cake,100g,465,1953
Cakes&Pies,Black and White Cookie,100g,381,1600
Cakes&Pies,Black Forest Cake,100g,264,1109
Cakes&Pies,Blueberry Cobbler,100g,234,983
Cakes&Pies,Blueberry Muffin,100g,377,1583
Cakes&Pies,Blueberry Pie,100g,232,974
Cakes&Pies,Bundt Cake,100g,370,1554
Cakes&Pies,Buttermilk Pie,100g,380,1596
Cakes&Pies,Caramel Cake,100g,475,1995
Cakes&Pies,Carrot Cake,100g,408,1714
Cakes&Pies,Cheesecake,100g,321,1348
Cakes&Pies,Cherry Pie,100g,260,1092
Cakes&Pies,Chess Pie,100g,411,1726
Cakes&Pies,Chocolate Cake,100g,389,1634
Cakes&Pies,Chocolate Cream Pie,100g,304,1277
Cakes&Pies,Chocolate Mousse Cake,100g,260,1092
Cakes&Pies,Chocolate Mousse Pie,100g,260,1092
Cakes&Pies,Chocolate Muffin,100g,420,1764
Cakes&Pies,Coconut Cake,100g,356,1495
Cakes&Pies,Coffee Cake,100g,331,1390
Cakes&Pies,Cream Puff,100g,334,1403
Cakes&Pies,Crumb Cake,100g,441,1852
Cakes&Pies,Cupcake,100g,305,1281
Cakes&Pies,Danish Pastry,100g,374,1571
Cakes&Pies,Donut,100g,403,1693
Cakes&Pies,Doughnut,100g,403,1693
Cakes&Pies,Flan,100g,145,609
Cakes&Pies,Flourless Chocolate Cake,100g,509,2138
Cakes&Pies,French Cruller,100g,412,1730
Cakes&Pies,Fruit Cake,100g,324,1361
Cakes&Pies,Funnel Cake,100g,307,1289
Cakes&Pies,German Chocolate Cake,100g,370,1554
Cakes&Pies,Gingerbread,100g,356,1495
Cakes&Pies,Ice Cream Cake,100g,200,840
Cakes&Pies,Key Lime Pie,100g,359,1508
Cakes&Pies,King Cake,100g,377,1583
Cakes&Pies,Layer Cake,100g,402,1688
Cakes&Pies,Lemon Cake,100g,352,1478
Cakes&Pies,Lemon Meringue Pie,100g,268,1126
Cakes&Pies,Madeira Cake,100g,394,1655
Cakes&Pies,Marble Cake,100g,339,1424
Cakes&Pies,Meringue,100g,285,1197
Cakes&Pies,Opera Cake,100g,320,1344
Cakes&Pies,Paczki,100g,336,1411
Cakes&Pies,Pancake,100g,227,953
Cakes&Pies,Panettone,100g,360,1512
Cakes&Pies,Pavlova,100g,294,1235
Cakes&Pies,Peach Cobbler,100g,65,273
Cakes&Pies,Peach Pie,100g,223,937
Cakes&Pies,Pecan Pie,100g,407,1709
Cakes&Pies,Pineapple Upside-Down Cake,100g,319,1340
Cakes&Pies,Plum Cake,100g,109,458
Cakes&Pies,Poppy-Seed Cake,100g,394,1655
Cakes&Pies,Pound Cake,100g,390,1638
Cakes&Pies,Profiterole,100g,334,1403
Cakes&Pies,Puff Pastry,100g,558,2344
Cakes&Pies,Pumpkin Bread,100g,298,1252
Cakes&Pies,Pumpkin Cheesecake,100g,340,1428
Cakes&Pies,Pumpkin Pie,100g,243,1021
Cakes&Pies,Raspberry Pie,100g,240,1008
Cakes&Pies,Red Velvet Cake,100g,367,1541
Cakes&Pies,Rhubarb Pie,100g,245,1029
Cakes&Pies,Rum Cake,100g,351,1474
Cakes&Pies,Sacher Torte,100g,352,1478
Cakes&Pies,Sponge Cake,100g,289,1214
Cakes&Pies,Strawberry Cheesecake,100g,327,1373
Cakes&Pies,Strawberry Pie,100g,230,966
Cakes&Pies,Strawberry Rhubarb Pie,100g,281,1180
Cakes&Pies,Sweet Potato Pie,100g,260,1092
Cakes&Pies,Swiss Roll,100g,439,1844
Cakes&Pies,Tarte Tatin,100g,210,882
Cakes&Pies,Tiramisu,100g,283,1189
Cakes&Pies,Tiramisu Cake,100g,291,1222
Cakes&Pies,Treacle Tart,100g,369,1550
Cakes&Pies,Tres Leches Cake,100g,246,1033
Cakes&Pies,Trifle,100g,180,756
Cakes&Pies,Victoria Sponge Cake,100g,257,1079
Cakes&Pies,Waffles,100g,312,1310
Cakes&Pies,Wedding Cake,100g,381,1600
Candy&Sweets,3 Musketeers,100g,400,1680
Candy&Sweets,After Eight,100g,452,1898
Candy&Sweets,Airheads,100g,375,1575
Candy&Sweets,Almond Roca,100g,571,2398
Candy&Sweets,Angel Delight,100g,451,1894
Candy&Sweets,Animal Crackers,100g,446,1873
Candy&Sweets,Baby Ruth,100g,469,1970
Candy&Sweets,Butterfinger,100g,450,1890
Candy&Sweets,Buttermilk Pancakes,100g,238,1000
Candy&Sweets,Candy Apple,100g,152,638
Candy&Sweets,Candy Cane,100g,423,1777
Candy&Sweets,Candy canes,100g,423,1777
Candy&Sweets,Candy Corn,100g,360,1512
Candy&Sweets,Candy Floss,100g,400,1680
Candy&Sweets,Caramel Popcorn,100g,376,1579
Candy&Sweets,Caramel squares,100g,367,1541
Candy&Sweets,Celebrations,100g,490,2058
Candy&Sweets,Cheez-It’s,100g,533,2239
Candy&Sweets,Chocolate,100g,529,2222
Candy&Sweets,Chocolate Bar,100g,533,2239
Candy&Sweets,Chocolate Chips,100g,493,2071
Candy&Sweets,Cookies,100g,488,2050
Candy&Sweets,Cotton Candy,100g,643,2701
Candy&Sweets,Eggy Bread,100g,196,823
Candy&Sweets,Fairy Cakes,100g,440,1848
Candy&Sweets,Ferrero Rocher,100g,576,2419
Candy&Sweets,Flapjack,100g,486,2041
Candy&Sweets,Fortune Cookies,100g,214,899
Candy&Sweets,Granola Bars,100g,452,1898
Candy&Sweets,Gumdrops,100g,321,1348
Candy&Sweets,Gummi Bears,100g,316,1327
Candy&Sweets,Hanuta,100g,541,2272
Candy&Sweets,Hershey Kisses,100g,471,1978
Candy&Sweets,Jelly Beans,100g,354,1487
Candy&Sweets,Jelly Belly,100g,354,1487
Candy&Sweets,Jolly Ranchers,100g,385,1617
Candy&Sweets,Jordan Almonds,100g,429,1802
Candy&Sweets,Kit Kat,100g,521,2188
Candy&Sweets,Laffy Taffy,100g,372,1562
Candy&Sweets,Licorice,100g,375,1575
Candy&Sweets,LifeSavers,100g,500,2100
Candy&Sweets,Lindt Chocolate,100g,548,2302
Candy&Sweets,Liquorice,100g,375,1575
Candy&Sweets,Lollipop,100g,392,1646
Candy&Sweets,M&M’s,100g,479,2012
Candy&Sweets,Maltesers,100g,498,2092
Candy&Sweets,Mars Bar,100g,448,1882
Candy&Sweets,Marshmallows,100g,318,1336
Candy&Sweets,Marzipan,100g,411,1726
Candy&Sweets,Mike and Ike,100g,360,1512
Candy&Sweets,Milk Duds,100g,422,1772
Candy&Sweets,Milky Way,100g,449,1886
Candy&Sweets,PayDay,100g,462,1940
Candy&Sweets,Peanut Bar,100g,533,2239
Candy&Sweets,Peanut Brittle,100g,183,769
Candy&Sweets,Peanut Butter Bars,100g,379,1592
Candy&Sweets,Peanut Butter Cookies,100g,475,1995
Candy&Sweets,Peppermint bark,100g,500,2100
Candy&Sweets,Pez,100g,427,1793
Candy&Sweets,Pop Rocks,100g,358,1504
Candy&Sweets,Popcorn,100g,582,2444
Candy&Sweets,Pumpkin Seeds,100g,560,2352
Candy&Sweets,Reeses Peanut Butter Cups,100g,536,2251
Candy&Sweets,Rice Pudding,100g,134,563
Candy&Sweets,Roasted Almonds,100g,452,1898
Candy&Sweets,Rolo,100g,474,1991
Candy&Sweets,S’mores,100g,500,2100
Candy&Sweets,Semolina,100g,340,1428
Candy&Sweets,Skittles,100g,405,1701
Candy&Sweets,Smarties,100g,357,1499
Candy&Sweets,Smores,100g,500,2100
Candy&Sweets,Snickers,100g,484,2033
Candy&Sweets,Sour Patch Kids,100g,363,1525
Candy&Sweets,Speculoos,100g,469,1970
Candy&Sweets,Spritz Cookies,100g,500,2100
Candy&Sweets,Take 5,100g,476,1999
Candy&Sweets,Toblerone,100g,525,2205
Candy&Sweets,Trifle,100g,186,781
Candy&Sweets,Twix,100g,495,2079
Candy&Sweets,Waffles,100g,272,1142
Candy&Sweets,Whoopie Pie,100g,400,1680
IceCream,Baskin-Robbins,100g,239,1004
IceCream,Ben and Jerry’s,100g,228,958
IceCream,Butter Pecan Ice Cream,100g,248,1042
IceCream,Carvel,100g,212,890
IceCream,Chocolate Chip Ice Cream,100g,215,903
IceCream,Chocolate Ice Cream,100g,216,907
IceCream,Ciao Bella,100g,109,458
IceCream,Coffee Ice Cream,100g,236,991
IceCream,Cold Stone Creamery,100g,232,974
IceCream,Cookie Dough Ice Cream,100g,200,840
IceCream,Crunchie McFlurry,100g,174,731
IceCream,Dairy Milk McFlurry,100g,186,781
IceCream,Dippin Dots,100g,224,941
IceCream,Double Rainbow,100g,257,1079
IceCream,Drumsticks,100g,255,1071
IceCream,French Vanilla Ice Cream,100g,201,844
IceCream,Friendly’s,100g,212,890
IceCream,Healthy Choice,100g,125,525
IceCream,Hot Fudge Sundae,100g,186,781
IceCream,Ice Cream Sandwich,100g,237,995
IceCream,Ice Cream Sundae,100g,142,596
IceCream,Ice Milk,100g,159,668
IceCream,Magnolia,100g,230,966
IceCream,Magnum,100g,300,1260
IceCream,Magnum Almond,100g,315,1323
IceCream,Magnum Double Caramel,100g,355,1491
IceCream,Magnum Double Chocolate,100g,380,1596
IceCream,Magnum Gold,100g,341,1432
IceCream,Magnum White,100g,297,1247
IceCream,McFlurry,100g,153,643
IceCream,McFlurry Oreo,100g,186,781
IceCream,Mini Milk,100g,120,504
IceCream,Mint Chocolate Chip Ice Cream,100g,239,1004
IceCream,Rocky Road Ice Cream,100g,257,1079
IceCream,Schwan’s,100g,246,1033
IceCream,Smarties McFlurry,100g,198,832
IceCream,Snickers Ice Cream,100g,360,1512
IceCream,Soft Serve,100g,222,932
IceCream,Solero,100g,100,420
IceCream,Strawberry Ice Cream,100g,236,991
IceCream,Strawberry Sundae,100g,158,664
IceCream,Sundae,100g,215,903
IceCream,Turkey Hill,100g,271,1138
IceCream,Vanilla Cone,100g,162,680
IceCream,Vanilla Ice Cream,100g,201,844
(Fruit)Juices,Acai Juice,100ml,58,244
(Fruit)Juices,Aloe Vera,100ml,44,185
(Fruit)Juices,Apple Juice,100ml,46,193
(Fruit)Juices,Apricot Nectar,100ml,56,235
(Fruit)Juices,Banana Juice,100ml,50,210
(Fruit)Juices,Blackberry Juice,100ml,48,202
(Fruit)Juices,Boysenberry Juice,100ml,54,227
(Fruit)Juices,Capri-Sun,100ml,41,172
(Fruit)Juices,Carrot Juice,100ml,40,168
(Fruit)Juices,Chamomile Tea,100ml,0,0
(Fruit)Juices,Cherry Juice,100ml,45,189
(Fruit)Juices,Clamato,100ml,60,252
(Fruit)Juices,Coconut Milk,100ml,233,979
(Fruit)Juices,Coconut Water,100ml,19,80
(Fruit)Juices,Concord Grape,100ml,71,298
(Fruit)Juices,Cranberry Apple Juice,100ml,67,281
(Fruit)Juices,Cranberry Grape Juice,100ml,71,298
(Fruit)Juices,Cranberry Juice,100ml,46,193
(Fruit)Juices,Cucumber Juice,100ml,10,42
(Fruit)Juices,Currant Juice,100ml,48,202
(Fruit)Juices,Energy-Drink,100ml,87,365
(Fruit)Juices,Fruitopia,100ml,110,462
(Fruit)Juices,Grape Juice,100ml,60,252
(Fruit)Juices,Grapefruit Juice,100ml,46,193
(Fruit)Juices,Lemon Juice,100ml,21,88
(Fruit)Juices,Lemonade,100ml,50,210
(Fruit)Juices,Lime Juice,100ml,21,88
(Fruit)Juices,Limeade,100ml,128,538
(Fruit)Juices,Mango Lassi,100ml,66,277
(Fruit)Juices,Nestea,100ml,21,88
(Fruit)Juices,Orange Juice,100ml,46,193
(Fruit)Juices,Papaya Juice,100ml,58,244
(Fruit)Juices,Passion Fruit Juice,100ml,48,202
(Fruit)Juices,Peach Juice,100ml,54,227
(Fruit)Juices,Peach Nectar,100ml,54,227
(Fruit)Juices,Pear Juice,100ml,60,252
(Fruit)Juices,Pear Nectar,100ml,60,252
(Fruit)Juices,Pineapple Juice,100ml,53,223
(Fruit)Juices,Pineapple Orange Juice,100ml,50,210
(Fruit)Juices,Plum Juice,100ml,71,298
(Fruit)Juices,Pomegranate Juice,100ml,66,277
(Fruit)Juices,Sauerkraut Juice,100ml,14,59
(Fruit)Juices,Tangerine Juice,100ml,43,181
(Fruit)Juices,Tomato Juice,100ml,17,71
(Fruit)Juices,Vegetable Juice,100ml,21,88
(Fruit)Juices,White Grape Juice,100ml,75,315
AlcoholicDrinks&Beverages,Absinthe,100ml,348,1462
AlcoholicDrinks&Beverages,Advocaat,100ml,283,1189
AlcoholicDrinks&Beverages,Amaretto,100ml,310,1302
AlcoholicDrinks&Beverages,Applejack,100ml,233,979
AlcoholicDrinks&Beverages,Asti,100ml,138,580
AlcoholicDrinks&Beverages,Bailey’s Irish Cream,100ml,327,1373
AlcoholicDrinks&Beverages,Baileys,100ml,327,1373
AlcoholicDrinks&Beverages,Beer,100ml,43,181
AlcoholicDrinks&Beverages,Blue Curacao,100ml,243,1021
AlcoholicDrinks&Beverages,Bourbon,100ml,233,979
AlcoholicDrinks&Beverages,Brandy,100ml,213,895
AlcoholicDrinks&Beverages,Canadian Whiskey,100ml,216,907
AlcoholicDrinks&Beverages,Chambord,100ml,348,1462
AlcoholicDrinks&Beverages,Champagne,100ml,75,315
AlcoholicDrinks&Beverages,Cider,100ml,49,206
AlcoholicDrinks&Beverages,Cognac,100ml,235,987
AlcoholicDrinks&Beverages,Cointreau,100ml,320,1344
AlcoholicDrinks&Beverages,Drambuie,100ml,358,1504
AlcoholicDrinks&Beverages,Frangelico,100ml,238,1000
AlcoholicDrinks&Beverages,Gin,100ml,263,1105
AlcoholicDrinks&Beverages,Glenfiddich,100ml,230,966
AlcoholicDrinks&Beverages,Grand Marnier,100ml,253,1063
AlcoholicDrinks&Beverages,Irish Whiskey,100ml,233,979
AlcoholicDrinks&Beverages,Jack Daniel’s,100ml,146,613
AlcoholicDrinks&Beverages,Jagermeister,100ml,250,1050
AlcoholicDrinks&Beverages,Jim Beam,100ml,222,932
AlcoholicDrinks&Beverages,Kahlua,100ml,180,756
AlcoholicDrinks&Beverages,Liqueur,100ml,250,1050
AlcoholicDrinks&Beverages,Liquor,100ml,250,1050
AlcoholicDrinks&Beverages,Midori,100ml,267,1121
AlcoholicDrinks&Beverages,Prosecco,100ml,66,277
AlcoholicDrinks&Beverages,Punch,100ml,62,260
AlcoholicDrinks&Beverages,Red Wine,100ml,85,357
AlcoholicDrinks&Beverages,Rose Wine,100ml,71,298
AlcoholicDrinks&Beverages,Rum,100ml,231,970
AlcoholicDrinks&Beverages,Sambuca,100ml,333,1399
AlcoholicDrinks&Beverages,Sangria,100ml,96,403
AlcoholicDrinks&Beverages,Scotch,100ml,222,932
AlcoholicDrinks&Beverages,Sherry,100ml,116,487
AlcoholicDrinks&Beverages,Sloe Gin,100ml,332,1394
AlcoholicDrinks&Beverages,Southern Comfort,100ml,247,1037
AlcoholicDrinks&Beverages,Tequila,100ml,110,462
AlcoholicDrinks&Beverages,Triple Sec,100ml,153,643
AlcoholicDrinks&Beverages,Vermouth,100ml,130,546
AlcoholicDrinks&Beverages,Vodka,100ml,231,970
AlcoholicDrinks&Beverages,Whisky,100ml,250,1050
AlcoholicDrinks&Beverages,White Wine,100ml,82,344
AlcoholicDrinks&Beverages,Wine,100ml,83,349
Beer,Ale,100ml,35,147
Beer,Altbier,100ml,43,181
Beer,Bass,100ml,45,189
Beer,Beck’s,100ml,39,164
Beer,Beer,100ml,43,181
Beer,Blue Moon,100ml,48,202
Beer,Bock Beer,100ml,50,210
Beer,Buckler (N.A.),100ml,21,88
Beer,Bud Ice,100ml,35,147
Beer,Bud Light,100ml,29,122
Beer,Bud Light Chelada,100ml,43,181
Beer,Bud Light Lime,100ml,34,143
Beer,Bud Select,100ml,28,118
Beer,Bud Select 55,100ml,15,63
Beer,Budweiser,100ml,41,172
Beer,Budweiser Chelada,100ml,52,218
Beer,Busch,100ml,37,155
Beer,Busch Light,100ml,27,113
Beer,Busch N.A.,100ml,17,71
Beer,Carlsberg,100ml,32,134
Beer,Clausthaler (N.A.),100ml,26,109
Beer,Colt 45,100ml,44,185
Beer,Coors,100ml,42,176
Beer,Coors Light,100ml,29,122
Beer,Coors N.A.,100ml,18,76
Beer,Corona,100ml,42,176
Beer,Dark Beer,100ml,46,193
Beer,Genesee Cream Ale,100ml,46,193
Beer,Ginger Beer,100ml,42,176
Beer,Guinness,100ml,35,147
Beer,Heineken,100ml,35,147
Beer,Honey Brown,100ml,42,176
Beer,Hurricane High Gravity,100ml,39,164
Beer,IPA,100ml,51,214
Beer,Keystone Ice,100ml,40,168
Beer,Keystone Light,100ml,29,122
Beer,Koelsch,100ml,43,181
Beer,Labatt,100ml,43,181
Beer,Lager Beer,100ml,43,181
Beer,Land Shark,100ml,42,176
Beer,Light Beer,100ml,29,122
Beer,Lowenbrau,100ml,45,189
Beer,Malt Beer,100ml,37,155
Beer,Michelob Amber Bock,100ml,47,197
Beer,Michelob Lager,100ml,44,185
Beer,Michelob Light,100ml,32,134
Beer,Michelob Ultra,100ml,27,113
Beer,Michelob Ultra Amber,100ml,26,109
Beer,Michelob Ultra Lime Cactus,100ml,27,113
Beer,Miller Chill,100ml,31,130
Beer,Miller Genuine Draft,100ml,40,168
Beer,Miller High Life,100ml,40,168
Beer,Miller High Life Light,100ml,31,130
Beer,Miller Lite,100ml,27,113
Beer,Milwaukee’s Best,100ml,36,151
Beer,Milwaukee’s Best Light,100ml,28,118
Beer,Molson,100ml,42,176
Beer,Natural Ice,100ml,44,185
Beer,Natural Light,100ml,27,113
Beer,Newcastle,100ml,39,164
Beer,Non-alcoholic Beer,100ml,37,155
Beer,O’Doul’s (N.A.),100ml,19,80
Beer,Old Milwaukee,100ml,41,172
Beer,Old Milwaukee N.A.,100ml,16,67
Beer,Olde English,100ml,45,189
Beer,Pabst Blue Ribbon,100ml,41,172
Beer,Pale Ale,100ml,42,176
Beer,Pilsner,100ml,43,181
Beer,Porter,100ml,54,227
Beer,Redbridge (Gluten-free),100ml,45,189
Beer,Rolling Rock,100ml,37,155
Beer,Rolling Rock Light,100ml,30,126
Beer,Root Beer,100ml,41,172
Beer,Samuel Adams,100ml,45,189
Beer,Shock Top,100ml,47,197
Beer,Shock Top Raspberry Wheat,100ml,50,210
Beer,Sierra Nevada Strong,100ml,62,260
Beer,Sparks,100ml,74,311
Beer,St. Pauli Girl,100ml,42,176
Beer,Steel Reserve,100ml,63,265
Beer,Stout,100ml,51,214
Beer,Stout Beer,100ml,51,214
Beer,Strong Beer,100ml,55,231
Beer,Tilt,100ml,64,269
Beer,Wheat Beer,100ml,45,189
Non-AlcoholicDrinks&Beverages,ACE Drink,100ml,44,185
Non-AlcoholicDrinks&Beverages,Apple Spritzer,100ml,24,101
Non-AlcoholicDrinks&Beverages,Chai,100ml,0,0
Non-AlcoholicDrinks&Beverages,Chai Tea,100ml,0,0
Non-AlcoholicDrinks&Beverages,Chocolate Milk,100ml,89,374
Non-AlcoholicDrinks&Beverages,Chocolate Milkshake,100ml,125,525
Non-AlcoholicDrinks&Beverages,Club Mate,100ml,30,126
Non-AlcoholicDrinks&Beverages,Coca Cola,100ml,42,176
Non-AlcoholicDrinks&Beverages,Coffee,100ml,1,4
Non-AlcoholicDrinks&Beverages,Coke Zero,100ml,1,4
Non-AlcoholicDrinks&Beverages,Cola,100ml,42,176
Non-AlcoholicDrinks&Beverages,Crystal Light,100ml,263,1105
Non-AlcoholicDrinks&Beverages,Diet Coke,100ml,1,4
Non-AlcoholicDrinks&Beverages,Egg Cream,100ml,94,395
Non-AlcoholicDrinks&Beverages,Egg Nog,100ml,88,370
Non-AlcoholicDrinks&Beverages,Elderflower Cordial,100ml,29,122
Non-AlcoholicDrinks&Beverages,Evian,100ml,0,0
Non-AlcoholicDrinks&Beverages,Gatorade,100ml,23,97
Non-AlcoholicDrinks&Beverages,Ginger Tea,100ml,0,0
Non-AlcoholicDrinks&Beverages,Hawaiian Punch,100ml,31,130
Non-AlcoholicDrinks&Beverages,Hi-C,100ml,49,206
Non-AlcoholicDrinks&Beverages,Horchata,100ml,54,227
Non-AlcoholicDrinks&Beverages,Hot Chocolate,100ml,89,374
Non-AlcoholicDrinks&Beverages,Ice Tea,100ml,27,113
Non-AlcoholicDrinks&Beverages,Iced Tea,100ml,27,113
Non-AlcoholicDrinks&Beverages,Karamalz,100ml,37,155
Non-AlcoholicDrinks&Beverages,Kombucha,100ml,13,55
Non-AlcoholicDrinks&Beverages,Kool-Aid,100ml,26,109
Non-AlcoholicDrinks&Beverages,Lassi,100ml,104,437
Non-AlcoholicDrinks&Beverages,Latte Macchiato,100ml,57,239
Non-AlcoholicDrinks&Beverages,Lemonade,100ml,42,176
Non-AlcoholicDrinks&Beverages,Malt Beer,100ml,37,155
Non-AlcoholicDrinks&Beverages,Milk,100ml,61,256
Non-AlcoholicDrinks&Beverages,Milkshake (dry),100g,329,1382
Non-AlcoholicDrinks&Beverages,Milo,100g,409,1718
Non-AlcoholicDrinks&Beverages,Nectar,100ml,53,223
Non-AlcoholicDrinks&Beverages,Nestea,100ml,36,151
Non-AlcoholicDrinks&Beverages,Non-alcoholic Beer,100ml,37,155
Non-AlcoholicDrinks&Beverages,Powerade,100ml,16,67
Non-AlcoholicDrinks&Beverages,Slurpee,100ml,4,17
Non-AlcoholicDrinks&Beverages,Slush Puppie,100ml,50,210
Non-AlcoholicDrinks&Beverages,Smoothie,100ml,37,155
Non-AlcoholicDrinks&Beverages,Soy Milk,100ml,45,189
Non-AlcoholicDrinks&Beverages,Strawberry Milkshake,100ml,113,475
Non-AlcoholicDrinks&Beverages,Tang,100g,381,1600
Non-AlcoholicDrinks&Beverages,Tap Water,100ml,0,0
Non-AlcoholicDrinks&Beverages,Tea,100ml,1,4
Non-AlcoholicDrinks&Beverages,Vanilla Milkshake,100ml,149,626
Non-AlcoholicDrinks&Beverages,Volvic,100ml,0,0
Non-AlcoholicDrinks&Beverages,Water,100ml,0,0
Non-AlcoholicDrinks&Beverages,Yerba Mate,100ml,62,260
Soda&SoftDrinks,7up,100ml,44,185
Soda&SoftDrinks,Barq’s,100ml,46,193
Soda&SoftDrinks,Bitter Lemon,100ml,34,143
Soda&SoftDrinks,Canada Dry Ginger Ale,100ml,41,172
Soda&SoftDrinks,Cherry Coke,100ml,44,185
Soda&SoftDrinks,Coke,100ml,42,176
Soda&SoftDrinks,Coke Zero,100ml,0,0
Soda&SoftDrinks,Diet Cherry Coke,100ml,1,4
Soda&SoftDrinks,Diet Coke,100ml,1,4
Soda&SoftDrinks,Diet Dr. Pepper,100ml,0,0
Soda&SoftDrinks,Diet Pepsi,100ml,0,0
Soda&SoftDrinks,Diet Sunkist,100ml,0,0
Soda&SoftDrinks,Dr. Brown’s,100ml,53,223
Soda&SoftDrinks,Dr. Pepper,100ml,27,113
Soda&SoftDrinks,Fanta,100ml,39,164
Soda&SoftDrinks,Fanta Zero,100ml,0,0
Soda&SoftDrinks,Five Alive,100ml,35,147
Soda&SoftDrinks,Fresca,100ml,0,0
Soda&SoftDrinks,Full Throttle,100ml,110,462
Soda&SoftDrinks,Fuze,100ml,20,84
Soda&SoftDrinks,Fuze Tea,100ml,25,105
Soda&SoftDrinks,Gatorade,100ml,25,105
Soda&SoftDrinks,Ginger Ale,100ml,35,147
Soda&SoftDrinks,Ice Tea,100ml,27,113
Soda&SoftDrinks,Jolt Cola,100ml,44,185
Soda&SoftDrinks,Kool-Aid,100ml,26,109
Soda&SoftDrinks,Lemonade,100ml,42,176
Soda&SoftDrinks,Mello Yello,100ml,49,206
Soda&SoftDrinks,Minute Maid,100ml,46,193
Soda&SoftDrinks,Minute Maid Light,100ml,2,8
Soda&SoftDrinks,Mug Root Beer,100ml,42,176
Soda&SoftDrinks,Orange Soda,100ml,48,202
Soda&SoftDrinks,Pepsi,100ml,44,185
Soda&SoftDrinks,Pibb Xtra,100ml,40,168
Soda&SoftDrinks,Powerade,100ml,120,504
Soda&SoftDrinks,Schweppes Ginger Ale,100ml,38,160
Soda&SoftDrinks,Soda,100ml,53,223
Soda&SoftDrinks,Sprite,100ml,37,155
Soda&SoftDrinks,Sprite Zero,100ml,0,0
Soda&SoftDrinks,Squirt,100ml,44,185
Soda&SoftDrinks,Sunkist,100ml,25,105
Soda&SoftDrinks,Surge,100ml,48,202
Soda&SoftDrinks,TaB,100ml,0,0
Soda&SoftDrinks,Tonic Water,100ml,35,147
Soda&SoftDrinks,Vanilla Coke,100ml,45,189
Wine,Cabernet Sauvignon,100ml,77,323
Wine,Cava,100ml,76,319
Wine,Champagne,100ml,76,319
Wine,Chardonnay,100ml,85,357
Wine,Chenin Blanc,100ml,80,336
Wine,Chocolate Wine,100ml,256,1075
Wine,Dry Red Wine,100ml,85,357
Wine,Gamay,100ml,78,328
Wine,Malbec,100ml,82,344
Wine,Malbec Wine,100ml,82,344
Wine,Marsala Wine,100ml,100,420
Wine,Merlot,100ml,83,349
Wine,Merlot Wine,100ml,83,349
Wine,Moscato Wine,100ml,76,319
Wine,Mulled Wine,100ml,196,823
Wine,Pinot Gris,100ml,83,349
Wine,Pinot Noir,100ml,75,315
Wine,Plum Wine,100ml,163,685
Wine,Port Wine,100ml,160,672
Wine,Prosecco,100ml,71,298
Wine,Red Wine,100ml,85,357
Wine,Red Wines,100ml,85,357
Wine,Riesling,100ml,80,336
Wine,Riesling Wine,100ml,80,336
Wine,Rose Wine,100ml,71,298
Wine,Sangria,100ml,132,554
Wine,Sauvignon Blanc,100ml,81,340
Wine,Sherry,100ml,116,487
Wine,Shiraz,100ml,71,298
Wine,Sparkling Wine,100ml,190,798
Wine,Sweet Red Wine,100ml,81,340
Wine,Sweet White Wine,100ml,82,344
Wine,Sweet Wines,100ml,83,349
Wine,Vermouth,100ml,108,454
Wine,White Wine,100ml,82,344
Wine,White Zinfandel,100ml,88,370
Wine,Wine,100ml,83,349
Wine,Yellow Tail Wine,100ml,71,298
Wine,Zinfandel,100ml,88,370
CerealProducts,Amaranth,100g,371,1558
CerealProducts,Barley,100g,354,1487
CerealProducts,Barley Groats,100g,100,420
CerealProducts,Brown Rice,100g,388,1630
CerealProducts,Buckwheat,100g,343,1441
CerealProducts,Buckwheat Groats,100g,346,1453
CerealProducts,Corn Waffles,100g,274,1151
CerealProducts,Cornmeal,100g,362,1520
CerealProducts,Cornstarch,100g,381,1600
CerealProducts,Couscous,100g,376,1579
CerealProducts,Cracker,100g,502,2108
CerealProducts,Durum Wheat Semolina,100g,397,1667
CerealProducts,Flaxseed,100g,534,2243
CerealProducts,Freekeh,100g,520,2184
CerealProducts,Gluten,100g,370,1554
CerealProducts,Grissini,100g,408,1714
CerealProducts,Kamut,100g,337,1415
CerealProducts,Millet,100g,378,1588
CerealProducts,Millet Flour,100g,372,1562
CerealProducts,Millet Gruel,100g,46,193
CerealProducts,Oat Bran,100g,246,1033
CerealProducts,Pearl Barley,100g,352,1478
CerealProducts,Polenta,100g,366,1537
CerealProducts,Prawn Crackers,100g,527,2213
CerealProducts,Pretzel Sticks,100g,380,1596
CerealProducts,Quinoa,100g,368,1546
CerealProducts,Rusk,100g,410,1722
CerealProducts,Rye Bran,100g,281,1180
CerealProducts,Sago,100g,354,1487
CerealProducts,Savoury Biscuits,100g,347,1457
CerealProducts,Shortbread,100g,502,2108
CerealProducts,Spelt,100g,338,1420
CerealProducts,Spelt Bran,100g,177,743
CerealProducts,Spelt Semolina,100g,360,1512
CerealProducts,Sunflower Seeds,100g,584,2453
CerealProducts,Tortilla,100g,237,995
CerealProducts,Tortilla Chips,100g,499,2096
CerealProducts,Wheat Bran,100g,216,907
CerealProducts,Wheat Germ,100g,382,1604
CerealProducts,Wheat Gluten,100g,325,1365
CerealProducts,Wheat Semolina,100g,360,1512
CerealProducts,Wheat Starch,100g,351,1474
CerealProducts,Whole Grain Wheat,100g,339,1424
CerealProducts,Wholegrain Oat,100g,375,1575
"Oatmeal,Muesli&Cereals",Bran Flakes,100g,356,1495
"Oatmeal,Muesli&Cereals",Cap’n Crunch,100g,404,1697
"Oatmeal,Muesli&Cereals",Cheerios,100g,347,1457
"Oatmeal,Muesli&Cereals",Chex,100g,387,1625
"Oatmeal,Muesli&Cereals",Chocolate Cheerios,100g,367,1541
"Oatmeal,Muesli&Cereals",Chocos,100g,380,1596
"Oatmeal,Muesli&Cereals",Cinnamon Toast Crunch,100g,433,1819
"Oatmeal,Muesli&Cereals",Coco Pops,100g,376,1579
"Oatmeal,Muesli&Cereals",Cocoa Krispies,100g,386,1621
"Oatmeal,Muesli&Cereals",Cocoa Pebbles,100g,367,1541
"Oatmeal,Muesli&Cereals",Cocoa Puffs,100g,400,1680
"Oatmeal,Muesli&Cereals",Cookie Crisp,100g,400,1680
"Oatmeal,Muesli&Cereals",Corn Flakes,100g,357,1499
"Oatmeal,Muesli&Cereals",Corn Pops,100g,377,1583
"Oatmeal,Muesli&Cereals",Count Chocula,100g,407,1709
"Oatmeal,Muesli&Cereals",Cracklin Oat Bran,100g,402,1688
"Oatmeal,Muesli&Cereals",Cream of Wheat,100g,364,1529
"Oatmeal,Muesli&Cereals",Crunchy Nut,100g,600,2520
"Oatmeal,Muesli&Cereals",Crunchy Nut Cornflakes,100g,600,2520
"Oatmeal,Muesli&Cereals",Fiber One,100g,267,1121
"Oatmeal,Muesli&Cereals",Froot Loops,100g,379,1592
"Oatmeal,Muesli&Cereals",Frosted Cheerios,100g,393,1651
"Oatmeal,Muesli&Cereals",Frosted Flakes,100g,367,1541
"Oatmeal,Muesli&Cereals",Frosted Mini-Wheats,100g,353,1483
"Oatmeal,Muesli&Cereals",Frosties,100g,367,1541
"Oatmeal,Muesli&Cereals",Fruity Pebbles,100g,400,1680
"Oatmeal,Muesli&Cereals",Golden Grahams,100g,400,1680
"Oatmeal,Muesli&Cereals",Grape-Nuts,100g,362,1520
"Oatmeal,Muesli&Cereals",Honey Nut Cheerios,100g,393,1651
"Oatmeal,Muesli&Cereals",Honey Smacks,100g,370,1554
"Oatmeal,Muesli&Cereals",Honeycomb,100g,397,1667
"Oatmeal,Muesli&Cereals",Just Right,100g,391,1642
"Oatmeal,Muesli&Cereals",Kashi,100g,377,1583
"Oatmeal,Muesli&Cereals",Kelloggs Corn Flakes,100g,357,1499
"Oatmeal,Muesli&Cereals",Kix,100g,367,1541
"Oatmeal,Muesli&Cereals",Krave,100g,372,1562
"Oatmeal,Muesli&Cereals",Life Cereal,100g,375,1575
"Oatmeal,Muesli&Cereals",Lucky Charms,100g,406,1705
"Oatmeal,Muesli&Cereals",Malt-O-Meal,100g,51,214
"Oatmeal,Muesli&Cereals",Mini-Wheats,100g,353,1483
"Oatmeal,Muesli&Cereals",Muesli,100g,336,1411
"Oatmeal,Muesli&Cereals",Multigrain Cheerios,100g,380,1596
"Oatmeal,Muesli&Cereals",Nutri-Grain,100g,351,1474
"Oatmeal,Muesli&Cereals",Oatibix,100g,421,1768
"Oatmeal,Muesli&Cereals",Oatmeal,100g,375,1575
"Oatmeal,Muesli&Cereals",Peanut Butter Toast Crunch,100g,431,1810
"Oatmeal,Muesli&Cereals",Post Raisin Bran,100g,322,1352
"Oatmeal,Muesli&Cereals",Post Shredded Wheat,100g,347,1457
"Oatmeal,Muesli&Cereals",Puff,100g,367,1541
"Oatmeal,Muesli&Cereals",Puffed Rice,100g,383,1609
"Oatmeal,Muesli&Cereals",Puffed Wheat,100g,367,1541
"Oatmeal,Muesli&Cereals",Quaker Grits,100g,344,1445
"Oatmeal,Muesli&Cereals",Quaker Oatmeal,100g,375,1575
"Oatmeal,Muesli&Cereals",Quaker Oatmeal Squares,100g,400,1680
"Oatmeal,Muesli&Cereals",Raisin Bran,100g,322,1352
"Oatmeal,Muesli&Cereals",Raisin Bran Crunch,100g,355,1491
"Oatmeal,Muesli&Cereals",Raisin Bran Crunch,100g,355,1491
"Oatmeal,Muesli&Cereals",Raisin Nut Bran,100g,367,1541
"Oatmeal,Muesli&Cereals",Ready Brek,100g,359,1508
"Oatmeal,Muesli&Cereals",Rice Chex,100g,387,1625
"Oatmeal,Muesli&Cereals",Rice Krispies,100g,394,1655
"Oatmeal,Muesli&Cereals",Scooters,100g,367,1541
"Oatmeal,Muesli&Cereals",Shredded Wheat,100g,340,1428
"Oatmeal,Muesli&Cereals",Shreddies,100g,351,1474
"Oatmeal,Muesli&Cereals",Smart Start,100g,371,1558
"Oatmeal,Muesli&Cereals",Special K,100g,377,1583
"Oatmeal,Muesli&Cereals",Special K Chocolatey Delight,100g,388,1630
"Oatmeal,Muesli&Cereals",Special K Protein Plus,100g,375,1575
"Oatmeal,Muesli&Cereals",Special K Red Berries,100g,345,1449
"Oatmeal,Muesli&Cereals",Sugar Puffs,100g,379,1592
"Oatmeal,Muesli&Cereals",Toasties,100g,361,1516
"Oatmeal,Muesli&Cereals",Trix,100g,400,1680
"Oatmeal,Muesli&Cereals",Weet-Bix,100g,353,1483
"Oatmeal,Muesli&Cereals",Weetabix,100g,358,1504
"Oatmeal,Muesli&Cereals",Weetos,100g,378,1588
"Oatmeal,Muesli&Cereals",Wheaties,100g,367,1541
Pasta&Noodles,Cannelloni,100g,146,613
Pasta&Noodles,Capellini,100g,353,1483
Pasta&Noodles,Cappelletti,100g,164,689
Pasta&Noodles,Cellophane Noodles,100g,351,1474
Pasta&Noodles,Cheese Tortellini,100g,291,1222
Pasta&Noodles,Dampfnudel,100g,274,1151
Pasta&Noodles,Dumpling Dough,100g,99,416
Pasta&Noodles,Durum Wheat Semolina,100g,397,1667
Pasta&Noodles,Egg Noodles,100g,384,1613
Pasta&Noodles,Farfalle,100g,358,1504
Pasta&Noodles,Fettuccine,100g,353,1483
Pasta&Noodles,Fusilli,100g,352,1478
Pasta&Noodles,Glass Noodles,100g,192,806
Pasta&Noodles,Lasagne Sheets,100g,271,1138
Pasta&Noodles,Linguine,100g,357,1499
Pasta&Noodles,Low Carb Pasta,100g,282,1184
Pasta&Noodles,Macaroni,100g,370,1554
Pasta&Noodles,Manicotti,100g,357,1499
Pasta&Noodles,Mostaccioli,100g,184,773
Pasta&Noodles,Orecchiette,100g,370,1554
Pasta&Noodles,Orzo,100g,357,1499
Pasta&Noodles,Penne,100g,351,1474
Pasta&Noodles,Penne Rigate,100g,370,1554
Pasta&Noodles,Pierogi,100g,200,840
Pasta&Noodles,Ravioli,100g,77,323
Pasta&Noodles,Rigatoni,100g,353,1483
Pasta&Noodles,Rotini,100g,353,1483
Pasta&Noodles,Shells,100g,353,1483
Pasta&Noodles,Shirataki Noodles,100g,18,76
Pasta&Noodles,Soy Noodles,100g,216,907
Pasta&Noodles,Spaetzle,100g,368,1546
Pasta&Noodles,Spaghetti,100g,370,1554
Pasta&Noodles,Spinach Tortellini,100g,314,1319
Pasta&Noodles,Spirelli,100g,367,1541
Pasta&Noodles,Tagliatelle,100g,370,1554
Pasta&Noodles,Tortellini,100g,291,1222
Pasta&Noodles,Vermicelli,100g,368,1546
Pasta&Noodles,Whole Grain Noodles,100g,347,1457
Pasta&Noodles,Whole Grain Spaghetti,100g,351,1474
Pasta&Noodles,Ziti,100g,352,1478
Dishes&Meals,Baby Back Ribs,100g,259,1088
Dishes&Meals,Bacon and Eggs,100g,252,1058
Dishes&Meals,Baked Beans,100g,94,395
Dishes&Meals,Baked Chicken,100g,164,689
Dishes&Meals,BBQ Ribs,100g,255,1071
Dishes&Meals,Beef Stew,100g,95,399
Dishes&Meals,Biryani,100g,176,739
Dishes&Meals,Black Pudding,100g,253,1063
Dishes&Meals,Black Rice,100g,323,1357
Dishes&Meals,BLT,100g,247,1037
Dishes&Meals,Brown Rice,100g,362,1520
Dishes&Meals,Burrito,100g,163,685
Dishes&Meals,Butter Chicken,100g,140,588
Dishes&Meals,California Roll,100g,93,391
Dishes&Meals,Chicken Caesar Salad,100g,127,533
Dishes&Meals,Chicken Fried Steak,100g,151,634
Dishes&Meals,Chicken Marsala,100g,96,403
Dishes&Meals,Chicken Parmesan,100g,110,462
Dishes&Meals,Chicken Pot Pie,100g,223,937
Dishes&Meals,Chicken Tikka Masala,100g,81,340
Dishes&Meals,Chili con Carne,100g,105,441
Dishes&Meals,Chimichanga,100g,232,974
Dishes&Meals,Cobb Salad,100g,118,496
Dishes&Meals,Collard Greens,100g,28,118
Dishes&Meals,Corn Dog,100g,250,1050
Dishes&Meals,Corned Beef Hash,100g,164,689
Dishes&Meals,Cottage Pie,100g,139,584
Dishes&Meals,Dal,100g,330,1386
Dishes&Meals,Deviled Eggs,100g,201,844
Dishes&Meals,Dim Sum,100g,193,811
Dishes&Meals,Dosa,100g,66,277
Dishes&Meals,Enchiladas,100g,168,706
Dishes&Meals,Fajita,100g,117,491
Dishes&Meals,Fish and Chips,100g,195,819
Dishes&Meals,Fried Rice,100g,186,781
Dishes&Meals,Fried Shrimp,100g,277,1163
Dishes&Meals,Grilled Cheese Sandwich,100g,288,1210
Dishes&Meals,Ham and Cheese Sandwich,100g,241,1012
Dishes&Meals,Hummus,100g,177,743
Dishes&Meals,Jambalaya,100g,100,420
Dishes&Meals,Kebab,100g,215,903
Dishes&Meals,Lasagne,100g,132,554
Dishes&Meals,Mac and Cheese,100g,370,1554
Dishes&Meals,Macaroni and Cheese,100g,370,1554
Dishes&Meals,Mashed Potatoes,100g,83,349
Dishes&Meals,Meat Pie,100g,242,1016
Dishes&Meals,Meatloaf,100g,254,1067
Dishes&Meals,Naan,100g,310,1302
Dishes&Meals,Orange Chicken,100g,259,1088
Dishes&Meals,Pad Thai,100g,150,630
Dishes&Meals,Paella,100g,156,655
Dishes&Meals,Paratha,100g,325,1365
Dishes&Meals,Pea Soup,100g,75,315
Dishes&Meals,Peanut Butter Sandwich,100g,408,1714
Dishes&Meals,Peking Duck,100g,225,945
Dishes&Meals,Philly Cheese Steak,100g,250,1050
Dishes&Meals,Pizza,100g,267,1121
Dishes&Meals,Pork Chop,100g,225,945
Dishes&Meals,Potato Salad,100g,143,601
Dishes&Meals,Pulled Pork Sandwich,100g,211,886
Dishes&Meals,Ramen,100g,447,1877
Dishes&Meals,Ravioli,100g,203,853
Dishes&Meals,Reuben Sandwich,100g,208,874
Dishes&Meals,Roast Beef,100g,111,466
Dishes&Meals,Roast Dinner,100g,198,832
Dishes&Meals,Samosa,100g,214,899
Dishes&Meals,Sausage Roll,100g,350,1470
Dishes&Meals,Sausage Rolls,100g,297,1247
Dishes&Meals,Shepherds Pie,100g,70,294
Dishes&Meals,Shrimp Cocktail,100g,464,1949
Dishes&Meals,Sloppy Joe,100g,71,298
Dishes&Meals,Sloppy Joes,100g,154,647
Dishes&Meals,Spaghetti Bolognese,100g,132,554
Dishes&Meals,Spring Roll,100g,250,1050
Dishes&Meals,Spring Rolls,100g,250,1050
Dishes&Meals,Taco,100g,217,911
Dishes&Meals,Tandoori Chicken,100g,113,475
Dishes&Meals,Yorkshire Pudding,100g,553,2323
Soups,Alphabet Soup,100g,25,105
Soups,Bean Stew,100g,133,559
Soups,Beef Bouillon,100g,3,13
Soups,Beef Noodle Soup,100g,34,143
Soups,Beef Soup,100g,33,139
Soups,Bouillon,100g,16,67
Soups,Broccoli Cheese Soup,100g,87,365
Soups,Broccoli Soup,100g,87,365
Soups,Cabbage Soup,100g,28,118
Soups,Carrot Ginger Soup,100g,25,105
Soups,Carrot Soup,100g,25,105
Soups,Chicken Bouillon,100g,4,17
Soups,Chicken Broth,100g,16,67
Soups,Chicken Gumbo Soup,100g,23,97
Soups,Chicken Noodle Soup,100g,25,105
Soups,Chicken Stock,100g,16,67
Soups,Chicken Vegetable Soup,100g,31,130
Soups,Chicken with Rice Soup,100g,24,101
Soups,Cream of Asparagus Soup,100g,35,147
Soups,Cream of Broccoli Soup,100g,45,189
Soups,Cream of Celery Soup,100g,37,155
Soups,Cream of Chicken Soup,100g,48,202
Soups,Cream of Mushroom Soup,100g,39,164
Soups,Cream of Onion Soup,100g,44,185
Soups,Cream of Potato Soup,100g,30,126
Soups,Creamy Chicken Noodle Soup,100g,23,97
Soups,French Onion Soup,100g,23,97
Soups,Golden Mushroom Soup,100g,65,273
Soups,Goulash,100g,1009,4238
Soups,Instant Ramen,100g,436,1831
Soups,Lentil Soup,100g,56,235
Soups,Lobster Bisque Soup,100g,100,420
Soups,Meatball Soup,100g,49,206
Soups,Minestrone,100g,34,143
Soups,Mushroom Soup,100g,35,147
Soups,Noodle Soup,100g,34,143
Soups,Onion Soup,100g,23,97
Soups,Oxtail Soup,100g,28,118
Soups,Pea Soup,100g,75,315
Soups,Potato Soup,100g,80,336
Soups,Pumpkin Soup,100g,29,122
Soups,Ramen,100g,436,1831
Soups,Scotch Broth,100g,33,139
Soups,Succotash,100g,115,483
Soups,Thai Soup,100g,60,252
Soups,Tomato Rice Soup,100g,47,197
Soups,Tomato Soup,100g,30,126
Soups,Vegetable Beef Soup,100g,31,130
Soups,Vegetable Broth,100g,5,21
Soups,Vegetable Soup,100g,28,118
Soups,Vegetable Stock,100g,5,21
Soups,Wedding Soup,100g,53,223
Legumes,Azuki Bean,100g,124,521
Legumes,Bamboo Shoots,100g,27,113
Legumes,Bean Curd,100g,76,319
Legumes,Bean Sprouts,100g,30,126
Legumes,Bengal Gram,100g,364,1529
Legumes,Black Beans,100g,341,1432
Legumes,Black Chickpeas,100g,364,1529
Legumes,Black Gram,100g,341,1432
Legumes,Brown Lentil,100g,353,1483
Legumes,Butternut,100g,612,2570
Legumes,Chickpeas,100g,364,1529
Legumes,Chili Bean,100g,97,407
Legumes,Dal,100g,230,966
Legumes,Deep-Fried Tofu,100g,271,1138
Legumes,Extra-Firm Tofu,100g,91,382
Legumes,Firm Tofu,100g,70,294
Legumes,Flageolet,100g,85,357
Legumes,Fried Bean Curd,100g,271,1138
Legumes,Green Beans,100g,31,130
Legumes,Green Gram,100g,347,1457
Legumes,Green Lentil,100g,257,1079
Legumes,Kidney Beans,100g,337,1415
Legumes,Lentils,100g,353,1483
Legumes,Lima Beans,100g,71,298
Legumes,Marron,100g,210,882
Legumes,Miso,100g,199,836
Legumes,Mung Beans,100g,12,50
Legumes,Natto,100g,212,890
Legumes,Navy Bean,100g,337,1415
Legumes,Okara,100g,77,323
Legumes,Okra,100g,33,139
Legumes,Peanuts,100g,567,2381
Legumes,Peas,100g,42,176
Legumes,Pecan,100g,691,2902
Legumes,Pinto Beans,100g,347,1457
Legumes,Puy Lentils,100g,345,1449
Legumes,Rajma,100g,140,588
Legumes,Red Beans,100g,124,521
Legumes,Red Kidney Bean,100g,337,1415
Legumes,Red Lentils,100g,329,1382
Legumes,Refried Beans,100g,91,382
Legumes,Roasted Soybeans,100g,471,1978
Legumes,Silken Tofu,100g,55,231
Legumes,Soft Tofu,100g,61,256
Legumes,Soy Cheese,100g,235,987
Legumes,Soy Mayonnaise,100g,322,1352
Legumes,Soy Nut Butter,100g,562,2360
Legumes,Soy Nuts,100g,471,1978
Legumes,Soy Yogurt,100g,66,277
Legumes,Soya Cheese,100g,235,987
Legumes,Soybeans,100g,147,617
Legumes,Soynut Butter,100g,562,2360
Legumes,Sugar Peas,100g,42,176
Legumes,Sweet Peas,100g,48,202
Legumes,Tempeh,100g,193,811
Legumes,Textured Soy Protein,100g,571,2398
Legumes,Textured Vegetable Protein,100g,333,1399
Legumes,Tofu,100g,76,319
Legumes,White Beans,100g,336,1411
Legumes,Yam Bean,100g,38,160
Legumes,Yellow Lentils,100g,304,1277
Legumes,Yuba,100g,176,739
Nuts&Seeds,Acorn,100g,387,1625
Nuts&Seeds,Alfalfa Sprouts,100g,23,97
Nuts&Seeds,Almonds,100g,575,2415
Nuts&Seeds,Beechnut,100g,576,2419
Nuts&Seeds,Brazil Nuts,100g,656,2755
Nuts&Seeds,Breadfruit,100g,191,802
Nuts&Seeds,Butternut,100g,612,2570
Nuts&Seeds,Cashew,100g,553,2323
Nuts&Seeds,Chestnut,100g,213,895
Nuts&Seeds,Chia Seeds,100g,486,2041
Nuts&Seeds,Coconut,100g,354,1487
Nuts&Seeds,Cotton Seeds,100g,506,2125
Nuts&Seeds,Flaxseed,100g,534,2243
Nuts&Seeds,Ginkgo Nuts,100g,182,764
Nuts&Seeds,Goa Bean,100g,409,1718
Nuts&Seeds,Hazelnut,100g,628,2638
Nuts&Seeds,Hickory Nuts,100g,657,2759
Nuts&Seeds,Lima Beans,100g,71,298
Nuts&Seeds,Lotus Seed,100g,89,374
Nuts&Seeds,Macadamia Nuts,100g,718,3016
Nuts&Seeds,Peanuts,100g,567,2381
Nuts&Seeds,Peas,100g,81,340
Nuts&Seeds,Pecan Nuts,100g,691,2902
Nuts&Seeds,Pecans,100g,691,2902
Nuts&Seeds,Pili Nuts,100g,719,3020
Nuts&Seeds,Pine Nuts,100g,673,2827
Nuts&Seeds,Pinto Beans,100g,347,1457
Nuts&Seeds,Pistachios,100g,562,2360
Nuts&Seeds,Poppy Seeds,100g,525,2205
Nuts&Seeds,Pumpkin Seeds,100g,559,2348
Nuts&Seeds,Radish Seeds,100g,43,181
Nuts&Seeds,Safflower Seeds,100g,517,2171
Nuts&Seeds,Sesame Seeds,100g,573,2407
Nuts&Seeds,Smoked Almonds,100g,575,2415
Nuts&Seeds,Soy Beans,100g,147,617
Nuts&Seeds,Sunflower Seeds,100g,584,2453
Nuts&Seeds,Sweet Chestnut,100g,194,815
Nuts&Seeds,Walnuts,100g,654,2747
Nuts&Seeds,Watermelon,100g,30,126
Oils&Fats,Almond Oil,100ml,882,3704
Oils&Fats,Avocado Oil,100ml,857,3599
Oils&Fats,Butter,100g,720,3024
Oils&Fats,Canola Oil,100ml,884,3713
Oils&Fats,Coconut Oil,100ml,857,3599
Oils&Fats,Cod Liver Oil,100ml,1000,4200
Oils&Fats,Corn Oil,100ml,800,3360
Oils&Fats,Cottonseed Oil,100ml,882,3704
Oils&Fats,Flaxseed Oil,100ml,884,3713
Oils&Fats,Ghee,100g,120,504
Oils&Fats,Goose Fat,100g,898,3772
Oils&Fats,Grape Seed Oil,100ml,884,3713
Oils&Fats,Hemp Oil,100ml,807,3389
Oils&Fats,Herring Oil,100ml,902,3788
Oils&Fats,I can\’t believe it\’s not Butter,100g,357,1499
Oils&Fats,Lard,100g,902,3788
Oils&Fats,Macadamia Oil,100ml,819,3440
Oils&Fats,Margarine,100g,717,3011
Oils&Fats,Mustard Oil,100ml,884,3713
Oils&Fats,Olive Oil,100ml,884,3713
Oils&Fats,Palm Oil,100ml,882,3704
Oils&Fats,Peanut Oil,100ml,857,3599
Oils&Fats,Real Butter,100g,720,3024
Oils&Fats,Rice Bran Oil,100ml,889,3734
Oils&Fats,Safflower Oil,100ml,857,3599
Oils&Fats,Sardine Oil,100ml,902,3788
Oils&Fats,Sesame Oil,100ml,884,3713
Oils&Fats,Soybean Oil,100ml,889,3734
Oils&Fats,Sunflower Oil,100ml,884,3713
Oils&Fats,Walnut Oil,100ml,889,3734
VegetableOils,Almond Oil,100ml,882,3704
VegetableOils,Apricot Kernel Oil,100ml,889,3734
VegetableOils,Argan Oil,100ml,896,3763
VegetableOils,Avocado Oil,100ml,857,3599
VegetableOils,Babassu Oil,100ml,884,3713
VegetableOils,Canola Oil,100ml,884,3713
VegetableOils,Coconut Oil,100ml,857,3599
VegetableOils,Corn Oil,100ml,800,3360
VegetableOils,Cottonseed Oil,100ml,882,3704
VegetableOils,Flaxseed Oil,100ml,884,3713
VegetableOils,Grape Seed Oil,100ml,884,3713
VegetableOils,Hazelnut Oil,100ml,889,3734
VegetableOils,Linseed Oil,100ml,837,3515
VegetableOils,Menhaden Oil,100ml,911,3826
VegetableOils,Mustard Oil,100ml,884,3713
VegetableOils,Oat Oil,100ml,884,3713
VegetableOils,Olive Oil,100ml,800,3360
VegetableOils,Palm Kernel Oil,100ml,882,3704
VegetableOils,Palm Oil,100ml,882,3704
VegetableOils,Peanut Oil,100ml,857,3599
VegetableOils,Poppy Seed Oil,100ml,884,3713
VegetableOils,Pumpkin Seed Oil,100ml,880,3696
VegetableOils,Rice Bran Oil,100ml,889,3734
VegetableOils,Safflower Oil,100ml,857,3599
VegetableOils,Salmon Oil,100ml,911,3826
VegetableOils,Sesame Oil,100ml,889,3734
VegetableOils,Shea Oil,100ml,884,3713
VegetableOils,Soy Oil,100ml,882,3704
VegetableOils,Sunflower Oil,100ml,884,3713
VegetableOils,Tomato Seed Oil,100ml,884,3713
VegetableOils,Vegetable Oil,100ml,800,3360
VegetableOils,Walnut Oil,100ml,889,3734
VegetableOils,Wheat Germ Oil,100ml,929,3902
BakingIngredients,Agar-Agar,100g,26,109
BakingIngredients,Agave Syrup,100ml,310,1302
BakingIngredients,All Purpose Flour,100ml,364,1529
BakingIngredients,Almond Extract,100ml,258,1084
BakingIngredients,Almonds,100g,529,2222
BakingIngredients,Apple Pie Filling,100g,100,420
BakingIngredients,Baking Powder,100g,53,223
BakingIngredients,Baking Soda,100g,0,0
BakingIngredients,Bread Flour,100g,361,1516
BakingIngredients,Brittle,100g,592,2486
BakingIngredients,Brown Sugar,100g,395,1659
BakingIngredients,Buttermilk,100ml,62,260
BakingIngredients,Butterscotch Chips,100g,539,2264
BakingIngredients,Cake Flour,100g,362,1520
BakingIngredients,Candied Orange Peel,100g,97,407
BakingIngredients,Cane Sugar,100g,387,1625
BakingIngredients,Chocolate Chips,100g,467,1961
BakingIngredients,Chocolate Sprinkles,100g,500,2100
BakingIngredients,Cocoa Powder,100g,228,958
BakingIngredients,Coconut Flakes,100g,456,1915
BakingIngredients,Coconut Milk,100ml,50,210
BakingIngredients,Corn Flour,100g,361,1516
BakingIngredients,Corn Syrup,100ml,281,1180
BakingIngredients,Cornmeal,100g,362,1520
BakingIngredients,Cornstarch,100g,381,1600
BakingIngredients,Couverture,100g,600,2520
BakingIngredients,Cream Cheese,100g,54,227
BakingIngredients,Cream of Tartar,100g,258,1084
BakingIngredients,Crystallized Ginger,100g,335,1407
BakingIngredients,Custard Powder,100g,337,1415
BakingIngredients,Dark Rum,100ml,216,907
BakingIngredients,Dextrose,100g,375,1575
BakingIngredients,Dried Apricots,100g,241,1012
BakingIngredients,Dried Cranberries,100g,308,1294
BakingIngredients,Dried Figs,100g,249,1046
BakingIngredients,Dried Prunes,100g,107,449
BakingIngredients,Duck Egg,100g,185,777
BakingIngredients,Egg,100g,97,407
BakingIngredients,Egg Nog,100g,88,370
BakingIngredients,Egg White,100g,13,55
BakingIngredients,Egg Yolk,100g,322,1352
BakingIngredients,Evaporated Milk,100g,134,563
BakingIngredients,Flour,100g,364,1529
BakingIngredients,Fructose,100g,368,1546
BakingIngredients,Gelatin,100g,335,1407
BakingIngredients,Glucose,100g,286,1201
BakingIngredients,Glucose Syrup,100g,387,1625
BakingIngredients,Granulated Sugar,100g,387,1625
BakingIngredients,Ground Cinnamon,100g,247,1037
BakingIngredients,Hazelnuts,100g,628,2638
BakingIngredients,Heavy Cream,100g,345,1449
BakingIngredients,Jaggery,100g,383,1609
BakingIngredients,Lemon Pie Filling,100g,143,601
BakingIngredients,Malt Powder,100g,361,1516
BakingIngredients,Malted Milk,100g,405,1701
BakingIngredients,Maltitol,100g,210,882
BakingIngredients,Maltodextrin,100g,375,1575
BakingIngredients,Maltose,100g,344,1445
BakingIngredients,Maple Syrup,100ml,270,1134
BakingIngredients,Molasses,100g,290,1218
BakingIngredients,Nonpareils,100g,475,1995
BakingIngredients,Peppermint Extract,100ml,0,0
BakingIngredients,Poppy Seeds,100g,525,2205
BakingIngredients,Powdered Milk,100g,496,2083
BakingIngredients,Powdered Sugar,100g,389,1634
BakingIngredients,Protein Powder,100g,411,1726
BakingIngredients,Raisins,100g,474,1991
BakingIngredients,Rice Milk,100ml,49,206
BakingIngredients,Rock Sugar,100g,625,2625
BakingIngredients,Rolled Oats,100g,384,1613
BakingIngredients,Rum,100ml,246,1033
BakingIngredients,Semolina Flour,100g,350,1470
BakingIngredients,Sesame Seeds,100g,573,2407
BakingIngredients,Shredded Coconut,100g,501,2104
BakingIngredients,Sorbitol,100g,375,1575
BakingIngredients,Soy Milk,100ml,41,172
BakingIngredients,Soy Protein Powder,100g,338,1420
BakingIngredients,Sprinkles,100g,500,2100
BakingIngredients,Starch,100g,381,1600
BakingIngredients,Strawberry Preserves,100g,278,1168
BakingIngredients,Sucrose,100g,387,1625
BakingIngredients,Sugar,100g,405,1701
BakingIngredients,Sunflower Seeds,100g,117,491
BakingIngredients,Sweetened Condensed Milk,100ml,321,1348
BakingIngredients,Sweetener,100g,360,1512
BakingIngredients,Unsalted Butter,100g,717,3011
BakingIngredients,Vanilla Extract,100ml,288,1210
BakingIngredients,Vanilla Sugar,100g,357,1499
BakingIngredients,Vegetable Oil,100g,884,3713
BakingIngredients,Vegetable Shortening,100g,884,3713
BakingIngredients,Walnuts,100g,131,550
BakingIngredients,Whole Milk,100ml,61,256
BakingIngredients,Whole Wheat Flour,100g,340,1428
BakingIngredients,Xylitol,100g,240,1008
BakingIngredients,Yeast (dry),100g,325,1365
Fish&Seafood,Anchovy,100g,131,550
Fish&Seafood,Bluefish,100g,159,668
Fish&Seafood,Bream,100g,135,567
Fish&Seafood,Butterfish,100g,187,785
Fish&Seafood,Calamari,100g,175,735
Fish&Seafood,Carp,100g,162,680
Fish&Seafood,Caviar,100g,264,1109
Fish&Seafood,Clam,100g,148,622
Fish&Seafood,Cod,100g,105,441
Fish&Seafood,Crawfish,100g,82,344
Fish&Seafood,Crayfish,100g,87,365
Fish&Seafood,Eel,100g,236,991
Fish&Seafood,Fish Fingers,100g,290,1218
Fish&Seafood,Fish Sticks,100g,290,1218
Fish&Seafood,Flounder,100g,86,361
Fish&Seafood,Grouper,100g,118,496
Fish&Seafood,Haddock,100g,90,378
Fish&Seafood,Hake,100g,71,298
Fish&Seafood,Halibut,100g,111,466
Fish&Seafood,Herring,100g,203,853
Fish&Seafood,Hoki,100g,121,508
Fish&Seafood,Kipper,100g,217,911
Fish&Seafood,Ling,100g,109,458
Fish&Seafood,Lobster,100g,89,374
Fish&Seafood,Mackerel,100g,262,1100
Fish&Seafood,Milkfish,100g,190,798
Fish&Seafood,Monkfish,100g,97,407
Fish&Seafood,Mullet,100g,150,630
Fish&Seafood,Mussel,100g,172,722
Fish&Seafood,Octopus,100g,164,689
Fish&Seafood,Pickerel,100g,111,466
Fish&Seafood,Pickled Herring,100g,262,1100
Fish&Seafood,Pike,100g,113,475
Fish&Seafood,Plaice,100g,91,382
Fish&Seafood,Pollack,100g,111,466
Fish&Seafood,Red Snapper,100g,128,538
Fish&Seafood,Redfish,100g,94,395
Fish&Seafood,Rollmops,100g,171,718
Fish&Seafood,Salmon,100g,206,865
Fish&Seafood,Sardines,100g,208,874
Fish&Seafood,Scallops,100g,111,466
Fish&Seafood,Scampi,100g,84,353
Fish&Seafood,Sea Bass,100g,124,521
Fish&Seafood,Shad,100g,252,1058
Fish&Seafood,Shark,100g,130,546
Fish&Seafood,Smelt,100g,124,521
Fish&Seafood,Sole,100g,86,361
Fish&Seafood,Squid,100g,92,386
Fish&Seafood,Sturgeon,100g,135,567
Fish&Seafood,Sushi,100g,150,630
Fish&Seafood,Swordfish,100g,172,722
Fish&Seafood,Triggerfish,100g,93,391
Fish&Seafood,Trout,100g,190,798
Fish&Seafood,Tuna,100g,132,554
Fish&Seafood,Tuna Salad,100g,187,785
Fish&Seafood,Turbot,100g,122,512
Fish&Seafood,Wahoo,100g,167,701
Fish&Seafood,Whitefish,100g,172,722
Fish&Seafood,Whiting,100g,116,487
Fish&Seafood,Zander,100g,84,353
Herbs&Spices,Almond Extract,100ml,374,1571
Herbs&Spices,Anise,100g,337,1415
Herbs&Spices,Anise Seed,100g,337,1415
Herbs&Spices,Arrowroot,100g,65,273
Herbs&Spices,Arugula,100g,25,105
Herbs&Spices,Balsamic Vinegar,100ml,88,370
Herbs&Spices,Basil,100g,233,979
Herbs&Spices,Black Pepper,100g,251,1054
Herbs&Spices,Black Sesame Seeds,100g,573,2407
Herbs&Spices,Broth,100g,100,420
Herbs&Spices,Capers,100g,23,97
Herbs&Spices,Caraway Seeds,100g,333,1399
Herbs&Spices,Cardamom,100g,311,1306
Herbs&Spices,Cassava,100g,160,672
Herbs&Spices,Cayenne Pepper,100g,318,1336
Herbs&Spices,Chard,100g,19,80
Herbs&Spices,Chicory Greens,100g,23,97
Herbs&Spices,Chicory Roots,100g,72,302
Herbs&Spices,Chili,100g,282,1184
Herbs&Spices,Chili Powder,100g,282,1184
Herbs&Spices,Chives,100g,30,126
Herbs&Spices,Cider Vinegar,100ml,21,88
Herbs&Spices,Cilantro,100g,23,97
Herbs&Spices,Cinnamon,100g,247,1037
Herbs&Spices,Cloves,100g,274,1151
Herbs&Spices,Coriander,100g,23,97
Herbs&Spices,Cream of Tartar,100g,258,1084
Herbs&Spices,Cress,100g,32,134
Herbs&Spices,Crystallized Ginger,100g,335,1407
Herbs&Spices,Cumin,100g,375,1575
Herbs&Spices,Cumin Seed,100g,375,1575
Herbs&Spices,Curry,100g,325,1365
Herbs&Spices,Dandelion,100g,45,189
Herbs&Spices,Dill,100g,43,181
Herbs&Spices,Dill Weed,100g,43,181
Herbs&Spices,Fennel,100g,31,130
Herbs&Spices,Fennel Seed,100g,345,1449
Herbs&Spices,Fenugreek,100g,323,1357
Herbs&Spices,Garlic,100g,149,626
Herbs&Spices,Garlic Powder,100g,331,1390
Herbs&Spices,Garlic Salt,100g,0,0
Herbs&Spices,Ginger,100g,80,336
Herbs&Spices,Grape Leaves,100g,93,391
Herbs&Spices,Ground Ginger,100g,335,1407
Herbs&Spices,Horseradish,100g,48,202
Herbs&Spices,Hot Pepper,100g,318,1336
Herbs&Spices,Iodized Salt,100g,0,0
Herbs&Spices,Jalapeno,100g,13,55
Herbs&Spices,Juniper,100g,45,189
Herbs&Spices,Lemon Grass,100g,99,416
Herbs&Spices,Licorice,100g,375,1575
Herbs&Spices,Maggi,100ml,104,437
Herbs&Spices,Marjoram,100g,271,1138
Herbs&Spices,Minced Onion,100g,40,168
Herbs&Spices,Mint,100g,70,294
Herbs&Spices,Mustard Seed,100g,508,2134
Herbs&Spices,Nutmeg,100g,525,2205
Herbs&Spices,Okra,100g,33,139
Herbs&Spices,Onion,100g,40,168
Herbs&Spices,Onion Powder,100g,341,1432
Herbs&Spices,Orange Peel,100g,97,407
Herbs&Spices,Oregano,100g,265,1113
Herbs&Spices,Paprika,100g,282,1184
Herbs&Spices,Parsley,100g,36,151
Herbs&Spices,Parsnip,100g,75,315
Herbs&Spices,Pepper,100g,251,1054
Herbs&Spices,Poppy Seed,100g,525,2205
Herbs&Spices,Poultry Seasoning,100g,307,1289
Herbs&Spices,Pumpkin Pie Spice,100g,342,1436
Herbs&Spices,Red Pepper,100g,251,1054
Herbs&Spices,Red Wine Vinegar,100g,19,80
Herbs&Spices,Rosemary,100g,131,550
Herbs&Spices,Saffron,100g,310,1302
Herbs&Spices,Sage,100g,315,1323
Herbs&Spices,Salt,100g,0,0
Herbs&Spices,Savory,100g,272,1142
Herbs&Spices,Sea Salt,100g,0,0
Herbs&Spices,Serrano Pepper,100g,32,134
Herbs&Spices,Sesame Seeds,100g,573,2407
Herbs&Spices,Stevia,100g,0,0
Herbs&Spices,Tamarind,100g,239,1004
Herbs&Spices,Taro,100g,112,470
Herbs&Spices,Tarragon,100g,295,1239
Herbs&Spices,Thyme,100g,276,1159
Herbs&Spices,Turmeric,100g,354,1487
Herbs&Spices,Vanilla Bean,100g,250,1050
Herbs&Spices,Vanilla Extract,100ml,288,1210
Herbs&Spices,Vinegar,100ml,18,76
Herbs&Spices,White Pepper,100g,296,1243
Herbs&Spices,Yam,100g,118,496
"Pastries,Breads&Rolls",Apple Pie,100g,237,995
"Pastries,Breads&Rolls",Apple Turnover,100g,348,1462
"Pastries,Breads&Rolls",Bagel,100g,257,1079
"Pastries,Breads&Rolls",Baguette,100g,274,1151
"Pastries,Breads&Rolls",Banana Bread,100g,326,1369
"Pastries,Breads&Rolls",Banana Nut Bread,100g,326,1369
"Pastries,Breads&Rolls",Beer Bread,100g,227,953
"Pastries,Breads&Rolls",Biscuit,100g,269,1130
"Pastries,Breads&Rolls",Black Bread,100g,250,1050
"Pastries,Breads&Rolls",Bran Muffins,100g,270,1134
"Pastries,Breads&Rolls",Bread Pudding,100g,153,643
"Pastries,Breads&Rolls",Breadsticks,100g,400,1680
"Pastries,Breads&Rolls",Brioche,100g,346,1453
"Pastries,Breads&Rolls",Brown Bread,100g,246,1033
"Pastries,Breads&Rolls",Brownies,100g,405,1701
"Pastries,Breads&Rolls",Bun,100g,316,1327
"Pastries,Breads&Rolls",Cannoli,100g,254,1067
"Pastries,Breads&Rolls",Caramel Cake,100g,385,1617
"Pastries,Breads&Rolls",Challah,100g,283,1189
"Pastries,Breads&Rolls",Chapati,100g,240,1008
"Pastries,Breads&Rolls",Ciabatta,100g,271,1138
"Pastries,Breads&Rolls",Cinnamon Bun,100g,436,1831
"Pastries,Breads&Rolls",Coffee Cake,100g,418,1756
"Pastries,Breads&Rolls",Conchas/Mexican Sweet Bread,100g,353,1483
"Pastries,Breads&Rolls",Cornbread,100g,179,752
"Pastries,Breads&Rolls",Crepes,100g,224,941
"Pastries,Breads&Rolls",Croissant,100g,406,1705
"Pastries,Breads&Rolls",Crumpet,100g,178,748
"Pastries,Breads&Rolls",Cupcakes,100g,305,1281
"Pastries,Breads&Rolls",Donut/Doughnut,100g,421,1768
"Pastries,Breads&Rolls",Dosa,100g,209,878
"Pastries,Breads&Rolls",Empanada,100g,335,1407
"Pastries,Breads&Rolls",English Muffin,100g,227,953
"Pastries,Breads&Rolls",Flatbread,100g,311,1306
"Pastries,Breads&Rolls",Focaccia,100g,249,1046
"Pastries,Breads&Rolls",Garlic Bread,100g,350,1470
"Pastries,Breads&Rolls",Hot Dog Buns,100g,279,1172
"Pastries,Breads&Rolls",Italian Bread,100g,271,1138
"Pastries,Breads&Rolls",Latkes,100g,189,794
"Pastries,Breads&Rolls",Matzo Bread,100g,351,1474
"Pastries,Breads&Rolls",Monkey Bread,100g,290,1218
"Pastries,Breads&Rolls",Muffin,100g,296,1243
"Pastries,Breads&Rolls",Multi-Grain Bread,100g,265,1113
"Pastries,Breads&Rolls",Naan,100g,275,1155
"Pastries,Breads&Rolls",Oatmeal Cookies,100g,450,1890
"Pastries,Breads&Rolls",Oatmeal Raisin Cookies,100g,435,1827
"Pastries,Breads&Rolls",Pan de Sal,100g,293,1231
"Pastries,Breads&Rolls",Pancake,100g,233,979
"Pastries,Breads&Rolls",Pandesal,100g,293,1231
"Pastries,Breads&Rolls",Panettone,100g,318,1336
"Pastries,Breads&Rolls",Pide,100g,268,1126
"Pastries,Breads&Rolls",Pie,100g,237,995
"Pastries,Breads&Rolls",Pita Bread,100g,275,1155
"Pastries,Breads&Rolls",Potato Bread,100g,266,1117
"Pastries,Breads&Rolls",Pretzel,100g,338,1420
"Pastries,Breads&Rolls",Pretzel Roll,100g,338,1420
"Pastries,Breads&Rolls",Puff Pastry,100g,558,2344
"Pastries,Breads&Rolls",Pumpernickel,100g,250,1050
"Pastries,Breads&Rolls",Raisin Bread,100g,274,1151
"Pastries,Breads&Rolls",Roll,100g,316,1327
"Pastries,Breads&Rolls",Roti,100g,264,1109
"Pastries,Breads&Rolls",Rye Bread,100g,259,1088
"Pastries,Breads&Rolls",Sandwich,100g,304,1277
"Pastries,Breads&Rolls",Sandwich Bread,100g,251,1054
"Pastries,Breads&Rolls",Scone,100g,362,1520
"Pastries,Breads&Rolls",Shortcrust Pastry,100g,544,2285
"Pastries,Breads&Rolls",Soda Bread,100g,290,1218
"Pastries,Breads&Rolls",Soufflé,100g,204,857
"Pastries,Breads&Rolls",Sourdough Bread,100g,289,1214
"Pastries,Breads&Rolls",Spanakopita,100g,246,1033
"Pastries,Breads&Rolls",Spice Cake,100g,332,1394
"Pastries,Breads&Rolls",Sweet Rolls,100g,333,1399
"Pastries,Breads&Rolls",Swiss Roll,100g,313,1315
"Pastries,Breads&Rolls",Toast,100g,261,1096
"Pastries,Breads&Rolls",Tortilla,100g,297,1247
"Pastries,Breads&Rolls",Tortilla Bread,100g,265,1113
"Pastries,Breads&Rolls",White Bread,100g,238,1000
"Pastries,Breads&Rolls",Whole Wheat Bread,100g,247,1037
Sauces&Dressings,1000 Island Dressing,100ml,370,1554
Sauces&Dressings,Ajvar,100ml,18,76
Sauces&Dressings,Arrabiata Sauce,100g,36,151
Sauces&Dressings,Balsamic Vinaigrette Dressing,100ml,290,1218
Sauces&Dressings,Barbecue Sauce,100g,150,630
Sauces&Dressings,Bechamel Sauce,100g,225,945
Sauces&Dressings,Bernaise Sauce,100g,414,1739
Sauces&Dressings,Blue Cheese Dressing,100ml,533,2239
Sauces&Dressings,Bolognese,100g,106,445
Sauces&Dressings,Buttermilk Ranch Dressing,100ml,533,2239
Sauces&Dressings,Caesar Dressing,100ml,429,1802
Sauces&Dressings,Catalina Dressing,100ml,282,1184
Sauces&Dressings,Chasseur Sauce,100g,45,189
Sauces&Dressings,Chili Sauce,100g,112,470
Sauces&Dressings,Cream Sauce,100g,180,756
Sauces&Dressings,Curry Ketchup,100g,124,521
Sauces&Dressings,Curry Sauce,100g,26,109
Sauces&Dressings,French Dressing,100ml,60,252
Sauces&Dressings,Gravy,100g,53,223
Sauces&Dressings,Greek Dressing,100ml,467,1961
Sauces&Dressings,Hamburger Sauce,100g,383,1609
Sauces&Dressings,Harissa,100g,52,218
Sauces&Dressings,Hollandaise Sauce,100g,535,2247
Sauces&Dressings,Honey Mustard Dressing,100ml,464,1949
Sauces&Dressings,Horseradish,100g,48,202
Sauces&Dressings,Italian Dressing,100ml,293,1231
Sauces&Dressings,Ketchup,100g,100,420
Sauces&Dressings,Mayonnaise,100g,692,2906
Sauces&Dressings,Mustard,100g,60,252
Sauces&Dressings,Mustard Sauce,100g,645,2709
Sauces&Dressings,Orange Sauce,100g,179,752
Sauces&Dressings,Pesto,100g,458,1924
Sauces&Dressings,Ranch Dressing,100ml,510,2142
Sauces&Dressings,Remoulade Sauce,100g,635,2667
Sauces&Dressings,Russian Dressing,100ml,400,1680
Sauces&Dressings,Salad Dressing,100ml,449,1886
Sauces&Dressings,Sambal Oelek,100g,21,88
Sauces&Dressings,Sesame Ginger Dressing,100ml,464,1949
Sauces&Dressings,Sesame Paste,100g,595,2499
Sauces&Dressings,Sour Cream,100g,217,911
Sauces&Dressings,Sour Cream Sauce,100g,60,252
Sauces&Dressings,Soy Sauce,100ml,67,281
Sauces&Dressings,Sweet and Sour Sauce,100g,179,752
Sauces&Dressings,Tabasco,100g,70,294
Sauces&Dressings,Teriyaki Sauce,100g,89,374
Sauces&Dressings,Thai Curry Paste,100g,155,651
Sauces&Dressings,Tomato Paste,100g,82,344
Sauces&Dressings,Tomato Puree,100g,38,160
Sauces&Dressings,Tomato Sauce,100g,24,101
Sauces&Dressings,Tzatziki,100g,94,395
Sauces&Dressings,Vinaigrette,100ml,120,504
Sauces&Dressings,Worcestershire Sauce,100ml,78,328
Sauces&Dressings,Yogurt Dressing,100ml,45,189
Sauces&Dressings,Zesty Italian Dressing,100ml,267,1121
Spreads,Almond Butter,100g,614,2579
Spreads,Apple Butter,100g,173,727
Spreads,Applesauce,100g,68,286
Spreads,Apricot Jam,100g,250,1050
Spreads,Blackberry Jam,100g,250,1050
Spreads,Blackcurrant Jam,100g,250,1050
Spreads,Blueberry Jam,100g,250,1050
Spreads,Cheese Spread,100g,290,1218
Spreads,Cherry Jam,100g,250,1050
Spreads,Chocolate Philadelphia,100g,287,1205
Spreads,Chocolate Spread,100g,541,2272
Spreads,Cream Cheese,100g,342,1436
Spreads,Egg,100g,97,407
Spreads,Grape Jelly,100g,255,1071
Spreads,Honey,100g,304,1277
Spreads,Jelly,100g,278,1168
Spreads,Jif Peanut Butter,100g,580,2436
Spreads,Liverwurst,100g,305,1281
Spreads,Margarine,100g,717,3011
Spreads,Marmite,100g,225,945
Spreads,Marshmallow Fluff,100g,666,2797
Spreads,Nutella,100g,544,2285
Spreads,Olive Spread,100g,550,2310
Spreads,"Pâté (720), Pate",100g,319,1340
Spreads,Peanut Butter,100g,589,2474
Spreads,Peter Pan Peanut Butter,100g,609,2558
Spreads,Philadelphia Cream Cheese,100g,342,1436
Spreads,Plum Jam,100g,250,1050
Spreads,Salted Butter,100g,717,3011
Spreads,Skippy Peanut Butter,100g,594,2495
Spreads,Smuckers Strawberry Jam,100g,250,1050
Spreads,Strawberry Jam,100g,250,1050
Spreads,Strawberry Jelly,100g,250,1050
Spreads,Sunbutter,100g,617,2591
Spreads,Sunflower Butter,100g,617,2591
Spreads,Tapenade,100g,233,979
Spreads,Unsalted Butter,100g,717,3011
Spreads,Vegemite,100g,180,756
Spreads,Wild Honey,100g,286,1201
